Order_ID,Order_Date,Customer_ID,Customer_Type,Product,Category,Quantity,Unit_Price,Discount_%,Revenue,Product_Cost,Profit,Acquisition_Channel,Payment_Method,Delivery_Days,Order_Status,Returned,Complaint,Customer_Rating,Repeat_Purchase,Month,Month_Number
LL10001,2025-04-13,C1436,Returning,Maxi Skirt,Skirts,1,26000.0,12.37,22783.98,15500,7283.98,Instagram,Card,5,Delivered,No,No,4,Yes,Apr,4
LL10002,2025-10-21,C1386,New,Mini Handbag,Bags,1,20876.51,17.2,17285.25,12500,4785.25,Instagram,Transfer,1,Delivered,No,No,4,Yes,Oct,10
LL10003,2025-02-20,C1364,New,Basic Bodysuit,Tops,1,15000.0,15.61,12658.34,9000,3658.34,Instagram,USSD,2,Delivered,No,No,4,No,Feb,2
LL10004,2025-09-21,C1431,New,Satin Dress,Dresses,1,33355.06,19.82,26743.35,21000,5743.35,TikTok,Card,2,Delivered,No,No,4,No,Sep,9
LL10005,2025-09-27,C1351,Returning,Statement Earrings,Accessories,3,8708.06,21.93,20395.77,10500,9895.77,Referral,Card,9,Delivered,No,Yes,2,Yes,Sep,9
LL10006,2025-06-06,C1015,New,Basic Bodysuit,Tops,3,15000.0,18.61,36626.62,27000,9626.62,Referral,Transfer,5,Delivered,No,No,4,Yes,Jun,6
LL10007,2025-05-15,C1201,Returning,Linen Two-Piece,Two-Piece Sets,1,42000.0,8.77,38316.07,27000,11316.07,WhatsApp,Card,1,Delivered,No,No,3,Yes,May,5
LL10008,2025-12-25,C1283,Returning,Premium Jumpsuit,Jumpsuits,1,47248.83,21.92,36891.39,34000,2891.39,Instagram,Card,5,Delivered,No,No,2,Yes,Dec,12
LL10009,2025-06-20,C1029,New,Silk Scarf,Accessories,2,12000.0,5.96,22570.19,11000,11570.19,Google,Card,2,Delivered,No,No,4,No,Jun,6
LL10010,2025-12-14,C1473,New,Satin Dress,Dresses,1,33313.53,27.84,24037.97,21000,3037.97,Instagram,Transfer,3,Delivered,No,No,3,No,Dec,12
LL10011,2025-06-01,C1463,New,Statement Earrings,Accessories,3,9000.0,5.28,25573.13,10500,15073.13,Walk-in,Transfer,5,Delivered,No,No,4,No,Jun,6
LL10012,2025-02-23,C1343,New,Satin Dress,Dresses,1,35000.0,12.84,30507.07,21000,9507.07,WhatsApp,Card,6,Delivered,No,No,2,No,Feb,2
LL10013,2025-10-21,C1280,New,Linen Two-Piece,Two-Piece Sets,1,40606.62,20.93,1711.81,27000,-5008.85,TikTok,Transfer,8,Returned,Yes,Yes,1,No,Oct,10
LL10014,2025-11-04,C1489,Returning,Silk Scarf,Accessories,2,10932.02,18.34,17853.56,11000,6853.56,TikTok,Transfer,6,Delivered,No,No,3,Yes,Nov,11
LL10015,2025-01-02,C1385,New,Knit Cardigan,Tops,1,24000.0,15.0,20399.42,14500,5899.42,Instagram,Card,3,Delivered,No,No,4,No,Jan,1
LL10016,2025-04-09,C1153,New,Linen Two-Piece,Two-Piece Sets,1,42000.0,18.94,34043.95,27000,7043.95,TikTok,USSD,1,Delivered,No,No,4,No,Apr,4
LL10017,2025-06-25,C1460,New,Leather Tote,Bags,3,38000.0,5.55,107670.23,67500,40170.23,TikTok,Cash,1,Delivered,No,No,4,No,Jun,6
LL10018,2025-11-13,C1304,New,Classic Blazer,Outerwear,2,43367.44,31.6,59325.92,60000,-674.08,Walk-in,Card,6,Delivered,No,No,4,No,Nov,11
LL10019,2025-04-05,C1099,Returning,Wide-Leg Trousers,Trousers,2,28000.0,5.77,52771.02,34000,18771.02,TikTok,Transfer,1,Delivered,No,No,3,Yes,Apr,4
LL10020,2025-10-15,C1431,Returning,Linen Two-Piece,Two-Piece Sets,1,38792.18,18.77,31511.42,27000,4511.42,TikTok,Cash,5,Delivered,No,No,3,Yes,Oct,10
LL10021,2025-11-02,C1409,Returning,Knit Cardigan,Tops,2,22847.93,20.58,36293.83,29000,7293.83,Referral,Cash,10,Delivered,No,Yes,3,Yes,Nov,11
LL10022,2025-08-03,C1447,New,Basic Bodysuit,Tops,1,14678.21,21.82,11476.02,9000,2476.02,Google,Cash,5,Delivered,No,No,3,No,Aug,8
LL10023,2025-04-13,C1196,Returning,Wide-Leg Trousers,Trousers,1,28000.0,18.32,22870.72,17000,5870.72,Instagram,USSD,1,Delivered,No,No,5,Yes,Apr,4
LL10024,2025-12-12,C1229,New,Silk Scarf,Accessories,1,11460.96,15.83,9646.66,5500,4146.66,Instagram,USSD,2,Delivered,No,No,4,No,Dec,12
LL10025,2025-07-08,C1487,Returning,Mini Handbag,Bags,1,20426.51,11.37,0.0,12500,0.0,Referral,Transfer,8,Cancelled,No,Yes,3,Yes,Jul,7
LL10026,2025-08-06,C1474,Returning,Silk Scarf,Accessories,1,11246.09,27.36,8169.15,5500,2669.15,WhatsApp,Transfer,5,Delivered,No,No,4,Yes,Aug,8
LL10027,2025-12-02,C1247,Returning,Knit Cardigan,Tops,1,22345.29,21.24,17600.08,14500,3100.08,WhatsApp,Card,5,Delivered,No,No,4,Yes,Dec,12
LL10028,2025-12-03,C1090,New,Premium Jumpsuit,Jumpsuits,1,48217.0,14.89,0.0,34000,0.0,Instagram,Card,3,Cancelled,No,No,5,No,Dec,12
LL10029,2025-06-13,C1394,New,Statement Earrings,Accessories,2,9000.0,1.06,17808.9,7000,10808.9,TikTok,USSD,1,Delivered,No,No,3,No,Jun,6
LL10030,2025-03-03,C1084,Returning,Leather Tote,Bags,1,38000.0,11.31,33702.92,22500,11202.92,Instagram,Transfer,3,Delivered,No,No,4,Yes,Mar,3
LL10031,2025-05-24,C1373,New,Knit Cardigan,Tops,2,24000.0,16.02,40308.18,29000,11308.18,Referral,Cash,1,Delivered,No,No,2,No,May,5
LL10032,2025-08-23,C1331,New,Knit Cardigan,Tops,1,23206.97,26.85,16975.4,14500,2475.4,Google,Cash,2,Delivered,No,No,4,No,Aug,8
LL10033,2025-12-05,C1136,New,Satin Dress,Dresses,2,33157.29,21.41,52114.53,42000,10114.53,TikTok,Card,5,Delivered,No,No,3,No,Dec,12
LL10034,2025-06-22,C1141,New,Premium Jumpsuit,Jumpsuits,2,52000.0,4.14,99694.28,68000,31694.28,Referral,Cash,4,Delivered,No,No,4,Yes,Jun,6
LL10035,2025-04-27,C1134,Returning,Mini Handbag,Bags,1,22000.0,9.16,19984.88,12500,7484.88,Instagram,Transfer,3,Delivered,No,No,3,Yes,Apr,4
LL10036,2025-01-12,C1330,Returning,Statement Earrings,Accessories,1,9000.0,17.63,7413.38,3500,3913.38,Instagram,Transfer,4,Delivered,No,No,3,Yes,Jan,1
LL10037,2025-12-23,C1041,New,Maxi Skirt,Skirts,1,25092.69,19.71,20147.23,15500,4647.23,WhatsApp,Transfer,8,Delivered,No,Yes,2,No,Dec,12
LL10038,2025-08-30,C1251,New,Silk Scarf,Accessories,1,11546.5,27.16,8410.78,5500,2910.78,WhatsApp,USSD,7,Delivered,No,Yes,3,No,Aug,8
LL10039,2025-04-08,C1105,New,Satin Dress,Dresses,2,35000.0,16.71,58301.4,42000,16301.4,Google,Card,6,Delivered,No,No,3,Yes,Apr,4
LL10040,2025-06-22,C1205,New,Satin Dress,Dresses,1,35000.0,11.75,30886.18,21000,9886.18,WhatsApp,Transfer,3,Delivered,No,No,3,No,Jun,6
LL10041,2025-02-23,C1236,New,Maxi Skirt,Skirts,1,26000.0,4.9,24726.5,15500,9226.5,Referral,Card,2,Delivered,No,No,3,No,Feb,2
LL10042,2025-11-04,C1249,Returning,Statement Earrings,Accessories,2,8314.53,25.22,12434.93,7000,5434.93,WhatsApp,Card,4,Delivered,No,No,5,Yes,Nov,11
LL10043,2025-03-10,C1034,Returning,Linen Two-Piece,Two-Piece Sets,1,42000.0,15.61,35442.38,27000,8442.38,Instagram,Transfer,1,Delivered,No,No,3,Yes,Mar,3
LL10044,2025-07-03,C1281,Returning,Classic Blazer,Outerwear,1,46936.74,20.44,0.0,30000,0.0,WhatsApp,Transfer,4,Cancelled,No,No,4,Yes,Jul,7
LL10045,2025-05-13,C1233,New,Linen Two-Piece,Two-Piece Sets,1,42000.0,8.13,38586.79,27000,11586.79,Instagram,Card,1,Delivered,No,No,4,No,May,5
LL10046,2025-02-25,C1214,New,Knit Cardigan,Tops,1,24000.0,10.18,21557.24,14500,7057.24,TikTok,Cash,4,Delivered,No,No,4,No,Feb,2
LL10047,2025-08-15,C1371,New,Basic Bodysuit,Tops,1,14508.85,19.14,11731.2,9000,2731.2,Instagram,Card,6,Delivered,No,No,5,No,Aug,8
LL10048,2025-08-16,C1111,Returning,Statement Earrings,Accessories,1,8506.41,11.46,7531.43,3500,4031.43,TikTok,Transfer,5,Delivered,No,No,4,Yes,Aug,8
LL10049,2025-10-16,C1437,New,Leather Tote,Bags,2,34467.18,16.97,0.0,45000,0.0,Google,Transfer,1,Cancelled,No,Yes,4,No,Oct,10
LL10050,2025-12-01,C1134,Returning,Statement Earrings,Accessories,1,8691.02,22.54,6732.12,3500,3232.12,Referral,Card,7,Delivered,No,Yes,3,Yes,Dec,12
LL10051,2025-11-20,C1275,New,Wide-Leg Trousers,Trousers,1,25846.53,15.71,21786.84,17000,4786.84,WhatsApp,Transfer,4,Delivered,No,Yes,3,Yes,Nov,11
LL10052,2025-06-21,C1386,New,Linen Two-Piece,Two-Piece Sets,1,42000.0,8.08,38607.57,27000,11607.57,Instagram,Transfer,3,Delivered,No,No,3,No,Jun,6
LL10053,2025-08-24,C1434,New,Statement Earrings,Accessories,1,8134.63,21.34,6398.66,3500,2898.66,Referral,Cash,4,Delivered,No,No,3,No,Aug,8
LL10054,2025-03-03,C1132,New,Premium Jumpsuit,Jumpsuits,1,52000.0,6.6,48569.94,34000,14569.94,Google,Card,1,Delivered,No,No,2,Yes,Mar,3
LL10055,2025-08-13,C1495,New,Mini Handbag,Bags,1,21454.1,19.18,17339.62,12500,4839.62,WhatsApp,Transfer,6,Delivered,No,No,4,No,Aug,8
LL10056,2025-02-07,C1441,New,Mini Handbag,Bags,2,22000.0,10.41,39419.48,25000,14419.48,Instagram,Transfer,3,Delivered,No,No,5,No,Feb,2
LL10057,2025-12-31,C1216,Returning,Statement Earrings,Accessories,1,8618.43,15.86,7251.29,3500,3751.29,WhatsApp,Card,4,Delivered,No,No,3,Yes,Dec,12
LL10058,2025-10-30,C1346,Returning,Knit Cardigan,Tops,2,21867.1,25.48,32590.63,29000,3590.63,Instagram,Transfer,6,Delivered,No,No,5,Yes,Oct,10
LL10059,2025-10-20,C1328,Returning,Satin Dress,Dresses,1,33562.04,32.41,22684.54,21000,1684.54,Walk-in,USSD,7,Delivered,No,Yes,3,Yes,Oct,10
LL10060,2025-05-29,C1431,New,Basic Bodysuit,Tops,1,15000.0,20.47,11929.36,9000,2929.36,Referral,Card,2,Delivered,No,No,3,No,May,5
LL10061,2025-12-13,C1017,Returning,Maxi Skirt,Skirts,1,24436.6,12.37,21413.09,15500,5913.09,TikTok,USSD,4,Delivered,No,No,4,Yes,Dec,12
LL10062,2025-03-04,C1189,New,Silk Scarf,Accessories,1,12000.0,4.47,11463.92,5500,5963.92,Instagram,Cash,3,Delivered,No,Yes,4,No,Mar,3
LL10063,2025-01-19,C1018,New,Classic Blazer,Outerwear,1,48000.0,16.94,39867.4,30000,9867.4,TikTok,Card,1,Delivered,No,No,4,No,Jan,1
LL10064,2025-06-11,C1380,Returning,Silk Scarf,Accessories,1,12000.0,12.64,898.52,5500,-1154.91,Referral,Card,4,Returned,Yes,Yes,2,Yes,Jun,6
LL10065,2025-04-07,C1092,New,Linen Two-Piece,Two-Piece Sets,3,42000.0,16.25,105526.23,81000,24526.23,Walk-in,Transfer,3,Delivered,No,No,5,No,Apr,4
LL10066,2025-04-22,C1381,Returning,Knit Cardigan,Tops,1,24000.0,13.85,0.0,14500,0.0,Google,Card,5,Cancelled,No,No,3,Yes,Apr,4
LL10067,2025-10-20,C1422,Returning,Basic Bodysuit,Tops,2,14416.33,14.23,24729.0,18000,6729.0,Instagram,Cash,4,Delivered,No,No,4,Yes,Oct,10
LL10068,2025-01-14,C1009,New,Basic Bodysuit,Tops,1,15000.0,14.72,12792.71,9000,3792.71,Instagram,Cash,3,Delivered,No,Yes,4,No,Jan,1
LL10069,2025-12-07,C1042,Returning,Leather Tote,Bags,1,36389.42,17.26,30109.87,22500,7609.87,Instagram,Transfer,3,Delivered,No,No,4,Yes,Dec,12
LL10070,2025-11-05,C1455,Returning,Satin Dress,Dresses,1,32572.79,16.34,3484.37,21000,-2080.47,WhatsApp,Transfer,5,Returned,Yes,Yes,2,Yes,Nov,11
LL10071,2025-10-23,C1011,New,Satin Dress,Dresses,2,32610.62,26.74,47780.96,42000,5780.96,Walk-in,Transfer,7,Delivered,No,Yes,2,No,Oct,10
LL10072,2025-12-03,C1446,Returning,Maxi Skirt,Skirts,1,25003.5,18.73,20321.31,15500,4821.31,Instagram,Transfer,4,Delivered,No,No,5,Yes,Dec,12
LL10073,2025-05-11,C1498,Returning,Knit Cardigan,Tops,2,24000.0,8.46,43938.69,29000,14938.69,Walk-in,Cash,2,Delivered,No,No,5,Yes,May,5
LL10074,2025-07-17,C1200,New,Basic Bodysuit,Tops,1,14331.81,26.45,10541.74,9000,1541.74,Instagram,Card,5,Delivered,No,No,3,No,Jul,7
LL10075,2025-12-01,C1117,Returning,Classic Blazer,Outerwear,2,46443.07,17.8,76350.34,60000,16350.34,TikTok,Cash,6,Delivered,No,No,3,Yes,Dec,12
LL10076,2025-07-02,C1471,New,Statement Earrings,Accessories,1,8669.32,24.39,0.0,3500,0.0,TikTok,Card,5,Cancelled,No,No,4,Yes,Jul,7
LL10077,2025-09-04,C1269,Returning,Classic Blazer,Outerwear,1,44243.28,17.88,36333.19,30000,6333.19,TikTok,Transfer,4,Delivered,No,No,4,Yes,Sep,9
LL10078,2025-06-07,C1498,New,Mini Handbag,Bags,1,22000.0,9.33,19948.14,12500,7448.14,Instagram,USSD,1,Delivered,No,No,3,No,Jun,6
LL10079,2025-07-17,C1295,Returning,Statement Earrings,Accessories,1,8813.64,29.55,6209.33,3500,2709.33,Instagram,USSD,3,Delivered,No,No,3,Yes,Jul,7
LL10080,2025-08-06,C1425,New,Classic Blazer,Outerwear,2,46274.96,15.35,78348.11,60000,18348.11,WhatsApp,Transfer,9,Delivered,No,Yes,3,No,Aug,8
LL10081,2025-12-04,C1062,Returning,Classic Blazer,Outerwear,1,45261.98,15.24,38364.56,30000,8364.56,WhatsApp,Card,6,Delivered,No,No,4,Yes,Dec,12
LL10082,2025-09-18,C1395,New,Statement Earrings,Accessories,1,8103.66,23.42,6205.94,3500,2705.94,WhatsApp,Transfer,5,Delivered,No,No,4,Yes,Sep,9
LL10083,2025-10-28,C1224,Returning,Classic Blazer,Outerwear,1,45372.41,15.55,38315.73,30000,8315.73,Instagram,Cash,6,Delivered,No,No,4,Yes,Oct,10
LL10084,2025-12-29,C1045,Returning,Premium Jumpsuit,Jumpsuits,1,49707.8,21.58,0.0,34000,0.0,Instagram,Cash,4,Cancelled,No,No,4,Yes,Dec,12
LL10085,2025-06-07,C1039,New,Wide-Leg Trousers,Trousers,1,28000.0,17.84,23005.77,17000,6005.77,Instagram,Transfer,3,Delivered,No,No,4,No,Jun,6
LL10086,2025-03-15,C1233,Returning,Knit Cardigan,Tops,1,24000.0,10.95,21372.33,14500,6872.33,Walk-in,Transfer,3,Delivered,No,No,4,Yes,Mar,3
LL10087,2025-07-12,C1022,Returning,Maxi Skirt,Skirts,1,24636.34,15.07,20924.32,15500,5424.32,TikTok,Transfer,8,Delivered,No,Yes,3,Yes,Jul,7
LL10088,2025-01-26,C1482,New,Wide-Leg Trousers,Trousers,1,28000.0,13.66,24176.3,17000,7176.3,TikTok,Transfer,4,Delivered,No,No,4,No,Jan,1
LL10089,2025-01-27,C1195,Returning,Knit Cardigan,Tops,1,24000.0,0.77,23816.13,14500,9316.13,Referral,Cash,2,Delivered,No,No,3,Yes,Jan,1
LL10090,2025-01-27,C1072,New,Basic Bodysuit,Tops,2,15000.0,27.82,21653.91,18000,3653.91,Referral,Cash,4,Delivered,No,Yes,4,No,Jan,1
LL10091,2025-02-15,C1015,New,Silk Scarf,Accessories,1,12000.0,11.87,10575.01,5500,5075.01,Instagram,Card,1,Delivered,No,No,3,No,Feb,2
LL10092,2025-03-13,C1277,New,Linen Two-Piece,Two-Piece Sets,1,42000.0,14.98,35708.92,27000,8708.92,WhatsApp,Transfer,4,Delivered,No,No,4,Yes,Mar,3
LL10093,2025-03-17,C1377,New,Leather Tote,Bags,1,38000.0,17.52,31343.54,22500,8843.54,Instagram,Transfer,4,Delivered,No,No,3,No,Mar,3
LL10094,2025-06-23,C1122,Returning,Linen Two-Piece,Two-Piece Sets,1,42000.0,8.59,38390.31,27000,11390.31,WhatsApp,USSD,6,Delivered,No,No,5,Yes,Jun,6
LL10095,2025-11-24,C1178,Returning,Wide-Leg Trousers,Trousers,1,27204.39,23.25,20879.98,17000,3879.98,WhatsApp,Cash,4,Delivered,No,No,4,Yes,Nov,11
LL10096,2025-01-12,C1087,Returning,Basic Bodysuit,Tops,2,15000.0,16.02,25193.18,18000,7193.18,Instagram,USSD,1,Delivered,No,No,3,Yes,Jan,1
LL10097,2025-03-23,C1454,Returning,Leather Tote,Bags,1,38000.0,12.53,33238.62,22500,10738.62,Instagram,Transfer,1,Delivered,No,No,4,Yes,Mar,3
LL10098,2025-08-01,C1159,New,Statement Earrings,Accessories,1,8349.07,19.76,6699.4,3500,3199.4,TikTok,USSD,2,Delivered,No,No,5,No,Aug,8
LL10099,2025-09-19,C1295,New,Classic Blazer,Outerwear,1,44988.72,13.56,38888.72,30000,8888.72,Google,Transfer,2,Delivered,No,No,3,No,Sep,9
LL10100,2025-10-20,C1325,New,Basic Bodysuit,Tops,1,14544.9,30.22,10149.2,9000,1149.2,TikTok,Card,7,Delivered,No,Yes,2,No,Oct,10
LL10101,2025-03-07,C1163,Returning,Satin Dress,Dresses,3,35000.0,12.66,10766.28,63000,-9699.15,TikTok,Transfer,3,Returned,Yes,Yes,3,Yes,Mar,3
LL10102,2025-10-03,C1264,Returning,Satin Dress,Dresses,1,32505.9,29.17,23024.44,21000,2024.44,TikTok,Card,5,Delivered,No,No,2,Yes,Oct,10
LL10103,2025-07-26,C1390,New,Wide-Leg Trousers,Trousers,1,27298.0,17.64,22482.09,17000,5482.09,Instagram,Transfer,4,Delivered,No,No,3,Yes,Jul,7
LL10104,2025-06-30,C1242,Returning,Maxi Skirt,Skirts,1,26000.0,10.05,23387.92,15500,7887.92,TikTok,USSD,1,Delivered,No,No,4,Yes,Jun,6
LL10105,2025-05-31,C1384,New,Wide-Leg Trousers,Trousers,1,28000.0,5.31,26513.86,17000,9513.86,Walk-in,Transfer,4,Delivered,No,No,4,No,May,5
LL10106,2025-08-06,C1427,Returning,Linen Two-Piece,Two-Piece Sets,1,40591.75,13.41,35146.69,27000,8146.69,Google,Cash,5,Delivered,No,No,4,Yes,Aug,8
LL10107,2025-05-22,C1053,Returning,Basic Bodysuit,Tops,3,15000.0,16.51,37569.07,27000,10569.07,Instagram,USSD,1,Delivered,No,No,5,Yes,May,5
LL10108,2025-11-20,C1098,New,Wide-Leg Trousers,Trousers,1,27009.57,20.27,2474.78,17000,-869.58,Referral,Cash,7,Returned,Yes,Yes,2,No,Nov,11
LL10109,2025-07-18,C1143,Returning,Knit Cardigan,Tops,1,22453.29,29.06,15928.15,14500,1428.15,Instagram,Card,7,Delivered,No,Yes,3,Yes,Jul,7
LL10110,2025-03-26,C1282,Returning,Linen Two-Piece,Two-Piece Sets,1,42000.0,18.1,34397.1,27000,7397.1,Instagram,Transfer,1,Delivered,No,No,3,Yes,Mar,3
LL10111,2025-12-09,C1326,Returning,Knit Cardigan,Tops,1,23379.91,21.79,18284.34,14500,3784.34,Instagram,USSD,5,Delivered,No,No,3,Yes,Dec,12
LL10112,2025-01-27,C1157,Returning,Classic Blazer,Outerwear,1,48000.0,5.08,45562.25,30000,15562.25,Instagram,Card,3,Delivered,No,No,4,Yes,Jan,1
LL10113,2025-04-18,C1074,Returning,Silk Scarf,Accessories,1,12000.0,14.74,10230.64,5500,4730.64,Google,Card,2,Delivered,No,No,3,Yes,Apr,4
LL10114,2025-05-21,C1375,Returning,Mini Handbag,Bags,2,22000.0,10.34,39449.36,25000,14449.36,Instagram,Transfer,1,Delivered,No,No,5,Yes,May,5
LL10115,2025-06-03,C1347,Returning,Linen Two-Piece,Two-Piece Sets,1,42000.0,13.46,36345.33,27000,9345.33,Google,Cash,4,Delivered,No,No,4,Yes,Jun,6
LL10116,2025-06-10,C1119,New,Leather Tote,Bags,1,38000.0,8.2,34884.98,22500,12384.98,WhatsApp,Card,1,Delivered,No,No,4,No,Jun,6
LL10117,2025-10-18,C1263,Returning,Classic Blazer,Outerwear,1,43260.75,8.66,39514.81,30000,9514.81,TikTok,Cash,1,Delivered,No,No,3,Yes,Oct,10
LL10118,2025-08-17,C1353,Returning,Basic Bodysuit,Tops,1,13771.99,27.34,10006.66,9000,1006.66,TikTok,Transfer,3,Delivered,No,No,4,Yes,Aug,8
LL10119,2025-08-18,C1200,Returning,Leather Tote,Bags,1,34359.11,16.77,28597.96,22500,6097.96,TikTok,Transfer,2,Delivered,No,No,3,Yes,Aug,8
LL10120,2025-11-29,C1477,Returning,Basic Bodysuit,Tops,1,13991.37,23.81,10660.42,9000,1660.42,TikTok,Cash,4,Delivered,No,No,4,Yes,Nov,11
LL10121,2025-04-28,C1005,Returning,Statement Earrings,Accessories,1,9000.0,16.07,7554.11,3500,4054.11,WhatsApp,Transfer,3,Delivered,No,No,4,Yes,Apr,4
LL10122,2025-05-22,C1292,New,Linen Two-Piece,Two-Piece Sets,1,42000.0,14.78,35790.93,27000,8790.93,TikTok,Transfer,3,Delivered,No,No,3,No,May,5
LL10123,2025-09-19,C1419,Returning,Leather Tote,Bags,1,35407.42,8.03,32564.08,22500,10064.08,WhatsApp,Card,7,Delivered,No,Yes,3,Yes,Sep,9
LL10124,2025-01-07,C1436,Returning,Mini Handbag,Bags,1,22000.0,12.17,19322.64,12500,6822.64,Instagram,Transfer,3,Delivered,No,No,4,Yes,Jan,1
LL10125,2025-10-16,C1164,Returning,Satin Dress,Dresses,1,32907.19,29.95,0.0,21000,0.0,TikTok,Transfer,6,Cancelled,No,Yes,4,Yes,Oct,10
LL10126,2025-04-06,C1092,New,Wide-Leg Trousers,Trousers,1,28000.0,10.27,25124.42,17000,8124.42,Instagram,Card,4,Delivered,No,No,3,No,Apr,4
LL10127,2025-09-23,C1345,New,Maxi Skirt,Skirts,1,24295.1,21.23,19137.35,15500,3637.35,Instagram,Transfer,7,Delivered,No,Yes,3,No,Sep,9
LL10128,2025-09-17,C1103,New,Mini Handbag,Bags,1,20339.01,13.39,17616.05,12500,5116.05,WhatsApp,Card,3,Delivered,No,No,4,No,Sep,9
LL10129,2025-04-02,C1470,Returning,Mini Handbag,Bags,1,22000.0,12.09,19339.97,12500,6839.97,Instagram,Transfer,3,Delivered,No,No,4,Yes,Apr,4
LL10130,2025-01-13,C1213,Returning,Mini Handbag,Bags,1,22000.0,4.03,21112.96,12500,8612.96,Instagram,Transfer,1,Delivered,No,No,3,Yes,Jan,1
LL10131,2025-04-27,C1282,New,Linen Two-Piece,Two-Piece Sets,1,42000.0,15.84,35346.74,27000,8346.74,TikTok,Transfer,1,Delivered,No,No,4,No,Apr,4
LL10132,2025-01-29,C1097,Returning,Premium Jumpsuit,Jumpsuits,1,52000.0,4.4,49714.14,34000,15714.14,Referral,Cash,1,Delivered,No,No,4,Yes,Jan,1
LL10133,2025-12-09,C1344,Returning,Mini Handbag,Bags,1,19873.34,18.44,0.0,12500,0.0,Instagram,Card,8,Cancelled,Yes,Yes,2,Yes,Dec,12
LL10134,2025-08-16,C1139,Returning,Classic Blazer,Outerwear,1,43911.15,24.49,0.0,30000,0.0,Instagram,Transfer,7,Cancelled,No,Yes,4,Yes,Aug,8
LL10135,2025-08-08,C1337,New,Statement Earrings,Accessories,1,8187.4,10.89,7295.71,3500,3795.71,WhatsApp,Cash,7,Delivered,No,Yes,3,No,Aug,8
LL10136,2025-09-26,C1181,Returning,Knit Cardigan,Tops,1,21683.97,22.64,16774.89,14500,2274.89,Instagram,Card,4,Delivered,No,No,3,Yes,Sep,9
LL10137,2025-08-01,C1172,New,Satin Dress,Dresses,2,33911.84,16.3,56770.29,42000,14770.29,Google,USSD,6,Delivered,No,No,4,No,Aug,8
LL10138,2025-08-24,C1224,New,Leather Tote,Bags,2,35018.77,21.67,54857.33,45000,9857.33,WhatsApp,Cash,5,Delivered,No,No,3,Yes,Aug,8
LL10139,2025-02-13,C1461,New,Mini Handbag,Bags,1,22000.0,11.2,19535.17,12500,7035.17,WhatsApp,Card,7,Delivered,No,Yes,3,No,Feb,2
LL10140,2025-05-24,C1072,New,Mini Handbag,Bags,2,22000.0,12.39,38548.2,25000,13548.2,Instagram,Transfer,3,Delivered,No,No,4,No,May,5
LL10141,2025-03-07,C1425,New,Basic Bodysuit,Tops,2,15000.0,14.33,25701.03,18000,7701.03,Instagram,Cash,3,Delivered,No,No,3,No,Mar,3
LL10142,2025-11-08,C1211,Returning,Wide-Leg Trousers,Trousers,1,26641.14,15.81,1870.02,17000,-948.84,Referral,Transfer,5,Returned,Yes,Yes,2,Yes,Nov,11
LL10143,2025-07-07,C1057,New,Satin Dress,Dresses,1,31681.59,20.24,25269.01,21000,4269.01,WhatsApp,Card,9,Delivered,No,Yes,4,No,Jul,7
LL10144,2025-03-01,C1403,New,Classic Blazer,Outerwear,1,48000.0,12.96,41777.94,30000,11777.94,TikTok,Cash,4,Delivered,No,No,4,No,Mar,3
LL10145,2025-07-02,C1481,New,Wide-Leg Trousers,Trousers,1,25588.6,21.87,19993.52,17000,2993.52,WhatsApp,Card,6,Delivered,No,No,4,No,Jul,7
LL10146,2025-11-21,C1500,New,Linen Two-Piece,Two-Piece Sets,1,40152.85,22.38,0.0,27000,0.0,WhatsApp,Card,5,Cancelled,No,No,4,Yes,Nov,11
LL10147,2025-03-10,C1349,New,Wide-Leg Trousers,Trousers,1,28000.0,9.04,25468.96,17000,8468.96,Instagram,Transfer,5,Delivered,No,No,4,Yes,Mar,3
LL10148,2025-11-12,C1364,New,Wide-Leg Trousers,Trousers,1,27342.82,21.89,21357.32,17000,4357.32,Instagram,Transfer,3,Delivered,No,No,3,No,Nov,11
LL10149,2025-07-01,C1479,New,Leather Tote,Bags,1,34390.47,17.89,28236.92,22500,5736.92,Google,Transfer,3,Delivered,No,No,4,No,Jul,7
LL10150,2025-07-18,C1405,New,Knit Cardigan,Tops,2,22798.9,18.44,37191.09,29000,8191.09,WhatsApp,USSD,5,Delivered,No,No,3,No,Jul,7
LL10151,2025-06-10,C1178,Returning,Premium Jumpsuit,Jumpsuits,1,52000.0,11.32,46113.87,34000,12113.87,Walk-in,Transfer,2,Delivered,No,No,5,Yes,Jun,6
LL10152,2025-07-17,C1098,Returning,Mini Handbag,Bags,1,20968.97,22.7,16208.68,12500,3708.68,Instagram,Transfer,4,Delivered,No,No,4,Yes,Jul,7
LL10153,2025-10-21,C1444,New,Classic Blazer,Outerwear,1,44468.03,14.77,37900.02,30000,7900.02,Referral,Card,3,Delivered,No,No,4,No,Oct,10
LL10154,2025-02-27,C1284,Returning,Linen Two-Piece,Two-Piece Sets,1,42000.0,12.56,36726.03,27000,9726.03,TikTok,USSD,2,Delivered,No,No,5,Yes,Feb,2
LL10155,2025-06-27,C1427,Returning,Classic Blazer,Outerwear,1,48000.0,7.36,44465.49,30000,14465.49,TikTok,Cash,2,Delivered,No,No,2,Yes,Jun,6
LL10156,2025-09-25,C1386,New,Classic Blazer,Outerwear,1,46645.2,23.32,35768.99,30000,5768.99,Instagram,Card,4,Delivered,No,No,4,No,Sep,9
LL10157,2025-09-03,C1275,Returning,Knit Cardigan,Tops,3,22531.89,13.7,58332.83,43500,14832.83,Instagram,Cash,7,Delivered,No,Yes,3,Yes,Sep,9
LL10158,2025-05-11,C1353,New,Wide-Leg Trousers,Trousers,2,28000.0,6.14,52562.64,34000,18562.64,Instagram,Cash,3,Delivered,No,No,4,No,May,5
LL10159,2025-12-30,C1364,New,Statement Earrings,Accessories,1,8225.11,24.48,6211.19,3500,2711.19,Referral,Cash,4,Delivered,No,No,3,No,Dec,12
LL10160,2025-10-06,C1176,Returning,Satin Dress,Dresses,2,32819.6,12.85,57203.5,42000,15203.5,Walk-in,Card,5,Delivered,No,No,3,Yes,Oct,10
LL10161,2025-07-20,C1148,New,Statement Earrings,Accessories,1,8359.47,22.34,6492.03,3500,2992.03,Instagram,Cash,4,Delivered,No,No,4,Yes,Jul,7
LL10162,2025-07-26,C1210,Returning,Leather Tote,Bags,1,35903.74,15.03,30507.65,22500,8007.65,Instagram,Card,6,Delivered,No,No,4,Yes,Jul,7
LL10163,2025-11-30,C1084,New,Statement Earrings,Accessories,1,8718.01,19.66,7004.05,3500,3504.05,TikTok,USSD,5,Delivered,No,Yes,4,No,Nov,11
LL10164,2025-04-30,C1422,New,Wide-Leg Trousers,Trousers,1,28000.0,7.37,25937.46,17000,8937.46,Instagram,Transfer,1,Delivered,No,No,4,No,Apr,4
LL10165,2025-07-15,C1068,Returning,Linen Two-Piece,Two-Piece Sets,2,38422.71,22.75,0.0,54000,0.0,Instagram,Transfer,8,Cancelled,No,Yes,3,Yes,Jul,7
LL10166,2025-11-21,C1304,Returning,Classic Blazer,Outerwear,1,46032.25,23.81,35072.25,30000,5072.25,WhatsApp,Transfer,4,Delivered,No,No,4,Yes,Nov,11
LL10167,2025-05-27,C1026,New,Leather Tote,Bags,1,38000.0,18.06,31136.67,22500,8636.67,Referral,Transfer,5,Delivered,No,No,5,No,May,5
LL10168,2025-06-11,C1347,Returning,Satin Dress,Dresses,1,35000.0,14.12,30057.8,21000,9057.8,TikTok,Cash,4,Delivered,No,No,4,Yes,Jun,6
LL10169,2025-04-19,C1241,Returning,Classic Blazer,Outerwear,1,48000.0,3.56,46291.07,30000,16291.07,WhatsApp,Cash,1,Delivered,No,No,4,Yes,Apr,4
LL10170,2025-09-02,C1433,New,Premium Jumpsuit,Jumpsuits,1,50676.1,9.03,46100.7,34000,12100.7,TikTok,Transfer,3,Delivered,No,No,4,No,Sep,9
LL10171,2025-09-24,C1494,Returning,Satin Dress,Dresses,2,33378.64,30.4,46461.17,42000,4461.17,Instagram,Card,3,Delivered,No,No,4,Yes,Sep,9
LL10172,2025-06-23,C1343,Returning,Silk Scarf,Accessories,1,12000.0,12.1,10548.2,5500,5048.2,Google,Transfer,5,Delivered,No,No,4,Yes,Jun,6
LL10173,2025-03-25,C1113,New,Premium Jumpsuit,Jumpsuits,1,52000.0,15.67,43850.35,34000,9850.35,WhatsApp,Card,1,Delivered,No,No,4,No,Mar,3
LL10174,2025-04-27,C1002,New,Classic Blazer,Outerwear,1,48000.0,8.41,43961.63,30000,13961.63,Instagram,Transfer,1,Delivered,No,Yes,3,Yes,Apr,4
LL10175,2025-02-18,C1127,New,Silk Scarf,Accessories,1,12000.0,15.24,10171.23,5500,4671.23,Instagram,Card,2,Delivered,No,No,3,No,Feb,2
LL10176,2025-02-10,C1063,New,Maxi Skirt,Skirts,1,26000.0,0.0,26000.0,15500,10500.0,TikTok,Card,5,Delivered,No,No,4,No,Feb,2
LL10177,2025-02-25,C1321,New,Wide-Leg Trousers,Trousers,1,28000.0,11.14,24881.29,17000,7881.29,Instagram,Transfer,1,Delivered,No,No,4,No,Feb,2
LL10178,2025-07-23,C1486,New,Wide-Leg Trousers,Trousers,1,27377.34,23.98,2764.37,17000,-3997.17,Instagram,USSD,2,Returned,Yes,Yes,3,No,Jul,7
LL10179,2025-09-19,C1315,New,Mini Handbag,Bags,1,21482.42,20.8,17013.09,12500,4513.09,TikTok,Cash,4,Delivered,No,No,3,No,Sep,9
LL10180,2025-03-09,C1069,New,Satin Dress,Dresses,1,35000.0,7.57,32350.98,21000,11350.98,Instagram,Transfer,2,Delivered,No,No,4,No,Mar,3
LL10181,2025-01-21,C1300,Returning,Wide-Leg Trousers,Trousers,1,28000.0,14.81,23854.01,17000,6854.01,TikTok,Card,1,Delivered,No,No,4,Yes,Jan,1
LL10182,2025-09-06,C1152,Returning,Mini Handbag,Bags,1,20060.45,22.5,15547.39,12500,3047.39,Google,Card,7,Delivered,No,Yes,4,Yes,Sep,9
LL10183,2025-09-03,C1149,Returning,Silk Scarf,Accessories,1,11642.01,19.35,9389.79,5500,3889.79,Walk-in,Transfer,4,Delivered,No,No,4,Yes,Sep,9
LL10184,2025-09-07,C1228,New,Satin Dress,Dresses,1,32735.43,28.23,23494.38,21000,2494.38,WhatsApp,USSD,7,Delivered,No,Yes,3,No,Sep,9
LL10185,2025-06-24,C1239,New,Classic Blazer,Outerwear,2,48000.0,9.01,87347.22,60000,27347.22,TikTok,Cash,2,Delivered,No,No,4,No,Jun,6
LL10186,2025-10-14,C1208,Returning,Leather Tote,Bags,1,36397.03,3.3,35196.63,22500,12696.63,WhatsApp,Transfer,3,Delivered,No,No,3,Yes,Oct,10
LL10187,2025-02-26,C1222,New,Classic Blazer,Outerwear,1,48000.0,9.38,43496.95,30000,13496.95,Instagram,Transfer,2,Delivered,No,No,4,Yes,Feb,2
LL10188,2025-01-23,C1265,Returning,Wide-Leg Trousers,Trousers,1,28000.0,13.36,24260.55,17000,7260.55,Instagram,Transfer,3,Delivered,No,No,4,Yes,Jan,1
LL10189,2025-05-03,C1358,New,Statement Earrings,Accessories,1,9000.0,9.32,8161.4,3500,4661.4,Referral,Card,1,Delivered,No,No,3,Yes,May,5
LL10190,2025-04-28,C1221,Returning,Silk Scarf,Accessories,1,12000.0,7.65,11082.5,5500,5582.5,WhatsApp,USSD,1,Delivered,No,No,5,Yes,Apr,4
LL10191,2025-01-23,C1032,New,Premium Jumpsuit,Jumpsuits,1,52000.0,11.1,46230.0,34000,12230.0,WhatsApp,Card,5,Delivered,No,No,3,No,Jan,1
LL10192,2025-09-21,C1466,New,Linen Two-Piece,Two-Piece Sets,1,39915.31,18.84,32395.82,27000,5395.82,Instagram,Cash,3,Delivered,No,No,4,No,Sep,9
LL10193,2025-11-21,C1428,Returning,Knit Cardigan,Tops,1,23218.01,16.64,19355.66,14500,4855.66,TikTok,Cash,3,Delivered,No,No,4,Yes,Nov,11
LL10194,2025-07-05,C1471,Returning,Satin Dress,Dresses,2,33863.9,22.48,52499.95,42000,10499.95,WhatsApp,Transfer,5,Delivered,No,No,4,Yes,Jul,7
LL10195,2025-10-08,C1094,New,Wide-Leg Trousers,Trousers,1,26006.51,21.08,20524.64,17000,3524.64,Walk-in,Card,7,Delivered,No,Yes,3,No,Oct,10
LL10196,2025-01-13,C1210,New,Wide-Leg Trousers,Trousers,2,28000.0,3.9,53817.99,34000,19817.99,Instagram,Card,5,Delivered,No,No,4,No,Jan,1
LL10197,2025-08-04,C1264,Returning,Linen Two-Piece,Two-Piece Sets,1,39746.03,18.69,32316.9,27000,5316.9,Instagram,Transfer,4,Delivered,No,No,3,Yes,Aug,8
LL10198,2025-03-15,C1046,New,Leather Tote,Bags,1,38000.0,10.51,34007.42,22500,11507.42,Instagram,Transfer,2,Delivered,No,No,2,Yes,Mar,3
LL10199,2025-06-20,C1409,Returning,Knit Cardigan,Tops,1,24000.0,17.06,19905.75,14500,5405.75,Instagram,Transfer,2,Delivered,No,No,4,Yes,Jun,6
LL10200,2025-08-21,C1162,New,Silk Scarf,Accessories,1,11081.58,14.54,2318.65,5500,-986.1,Referral,Card,2,Returned,Yes,Yes,2,No,Aug,8
LL10201,2025-06-09,C1331,Returning,Silk Scarf,Accessories,1,12000.0,8.88,10933.92,5500,5433.92,TikTok,Transfer,5,Delivered,No,No,4,Yes,Jun,6
LL10202,2025-08-06,C1004,Returning,Basic Bodysuit,Tops,1,14136.88,31.31,9711.0,9000,711.0,WhatsApp,Card,7,Delivered,No,Yes,3,Yes,Aug,8
LL10203,2025-07-18,C1362,Returning,Basic Bodysuit,Tops,1,14473.35,24.97,10859.88,9000,1859.88,WhatsApp,Transfer,7,Delivered,No,Yes,3,Yes,Jul,7
LL10204,2025-08-04,C1438,New,Basic Bodysuit,Tops,1,14328.12,21.82,11202.27,9000,2202.27,Walk-in,Card,1,Delivered,No,No,3,No,Aug,8
LL10205,2025-10-21,C1062,Returning,Linen Two-Piece,Two-Piece Sets,1,39684.54,11.46,35135.85,27000,8135.85,Google,Card,5,Delivered,No,No,4,Yes,Oct,10
LL10206,2025-12-17,C1156,Returning,Basic Bodysuit,Tops,1,14641.72,23.92,11138.73,9000,2138.73,Walk-in,Card,5,Delivered,No,No,4,Yes,Dec,12
LL10207,2025-11-07,C1358,Returning,Premium Jumpsuit,Jumpsuits,1,48444.06,13.89,41716.22,34000,7716.22,Walk-in,USSD,7,Delivered,No,Yes,3,Yes,Nov,11
LL10208,2025-04-04,C1321,New,Satin Dress,Dresses,1,35000.0,20.24,2672.56,21000,-4940.02,WhatsApp,Cash,2,Returned,Yes,Yes,3,No,Apr,4
LL10209,2025-08-04,C1170,New,Linen Two-Piece,Two-Piece Sets,1,38625.91,24.94,7190.84,27000,-2180.56,TikTok,Cash,5,Returned,Yes,Yes,3,No,Aug,8
LL10210,2025-11-23,C1241,Returning,Wide-Leg Trousers,Trousers,2,27257.28,21.08,43025.53,34000,9025.53,Walk-in,Card,7,Delivered,No,Yes,3,Yes,Nov,11
LL10211,2025-04-01,C1082,Returning,Linen Two-Piece,Two-Piece Sets,1,42000.0,12.44,36776.95,27000,9776.95,Walk-in,Transfer,4,Delivered,No,No,4,Yes,Apr,4
LL10212,2025-05-29,C1099,New,Classic Blazer,Outerwear,1,48000.0,18.51,39115.07,30000,9115.07,TikTok,Cash,5,Delivered,No,No,3,No,May,5
LL10213,2025-02-10,C1368,New,Silk Scarf,Accessories,1,12000.0,10.46,10744.69,5500,5244.69,TikTok,Cash,2,Delivered,No,No,3,No,Feb,2
LL10214,2025-10-17,C1441,New,Mini Handbag,Bags,1,20548.4,24.07,15603.04,12500,3103.04,Instagram,Transfer,6,Delivered,No,No,2,No,Oct,10
LL10215,2025-11-13,C1212,New,Classic Blazer,Outerwear,1,44797.22,23.53,34254.22,30000,4254.22,Referral,Card,3,Delivered,No,No,3,Yes,Nov,11
LL10216,2025-02-16,C1374,New,Statement Earrings,Accessories,2,9000.0,8.12,0.0,7000,0.0,WhatsApp,Transfer,1,Cancelled,No,No,3,No,Feb,2
LL10217,2025-05-19,C1480,New,Basic Bodysuit,Tops,1,15000.0,17.38,12393.48,9000,3393.48,Instagram,Card,2,Delivered,No,No,4,Yes,May,5
LL10218,2025-09-28,C1096,New,Leather Tote,Bags,2,36311.57,20.24,57921.99,45000,12921.99,Referral,Cash,6,Delivered,No,No,3,No,Sep,9
LL10219,2025-01-03,C1337,Returning,Knit Cardigan,Tops,1,24000.0,6.45,22451.25,14500,7951.25,TikTok,Card,6,Delivered,No,No,4,Yes,Jan,1
LL10220,2025-10-16,C1270,Returning,Silk Scarf,Accessories,1,11476.68,16.38,9596.36,5500,4096.36,Google,Card,8,Delivered,No,Yes,3,Yes,Oct,10
LL10221,2025-11-16,C1446,Returning,Knit Cardigan,Tops,2,22900.13,20.1,36593.16,29000,7593.16,WhatsApp,Transfer,4,Delivered,No,No,4,Yes,Nov,11
LL10222,2025-04-24,C1272,Returning,Classic Blazer,Outerwear,1,48000.0,9.08,43639.66,30000,13639.66,WhatsApp,Transfer,1,Delivered,No,No,4,Yes,Apr,4
LL10223,2025-04-07,C1005,Returning,Mini Handbag,Bags,1,22000.0,7.32,20389.38,12500,7889.38,TikTok,Transfer,1,Delivered,No,No,4,Yes,Apr,4
LL10224,2025-01-14,C1215,New,Leather Tote,Bags,1,38000.0,17.24,31447.85,22500,8947.85,Walk-in,Transfer,3,Delivered,No,No,4,No,Jan,1
LL10225,2025-06-18,C1453,New,Wide-Leg Trousers,Trousers,1,28000.0,0.77,27784.66,17000,10784.66,Instagram,Transfer,1,Delivered,No,No,4,No,Jun,6
LL10226,2025-10-22,C1219,New,Leather Tote,Bags,1,35508.34,18.35,28993.72,22500,6493.72,WhatsApp,Card,5,Delivered,No,No,3,No,Oct,10
LL10227,2025-03-14,C1481,Returning,Leather Tote,Bags,1,38000.0,4.39,36332.84,22500,13832.84,Google,USSD,1,Delivered,No,No,4,Yes,Mar,3
LL10228,2025-09-05,C1278,Returning,Basic Bodysuit,Tops,1,14252.98,24.7,10732.08,9000,1732.08,TikTok,USSD,6,Delivered,No,No,4,Yes,Sep,9
LL10229,2025-10-15,C1262,Returning,Satin Dress,Dresses,1,33992.16,31.5,23285.25,21000,2285.25,Instagram,Cash,4,Delivered,No,No,4,Yes,Oct,10
LL10230,2025-02-10,C1170,Returning,Statement Earrings,Accessories,1,9000.0,2.38,8785.99,3500,5285.99,Google,Transfer,1,Delivered,No,No,3,Yes,Feb,2
LL10231,2025-04-04,C1304,New,Linen Two-Piece,Two-Piece Sets,2,42000.0,12.5,73501.32,54000,19501.32,WhatsApp,Transfer,4,Delivered,No,No,3,No,Apr,4
LL10232,2025-03-14,C1390,Returning,Silk Scarf,Accessories,1,12000.0,10.19,10777.24,5500,5277.24,TikTok,Cash,5,Delivered,No,No,4,Yes,Mar,3
LL10233,2025-07-07,C1230,New,Wide-Leg Trousers,Trousers,2,26139.43,12.23,45884.18,34000,11884.18,WhatsApp,Cash,5,Delivered,No,No,3,Yes,Jul,7
LL10234,2025-07-26,C1129,Returning,Leather Tote,Bags,1,34991.12,5.85,32944.47,22500,10444.47,Instagram,Transfer,6,Delivered,No,No,4,Yes,Jul,7
LL10235,2025-03-10,C1129,New,Knit Cardigan,Tops,1,24000.0,19.35,19356.46,14500,4856.46,Referral,Transfer,1,Delivered,No,No,4,No,Mar,3
LL10236,2025-06-26,C1362,New,Satin Dress,Dresses,1,35000.0,18.03,28688.75,21000,7688.75,Google,Transfer,2,Delivered,No,No,4,No,Jun,6
LL10237,2025-11-09,C1383,Returning,Mini Handbag,Bags,1,20661.3,25.97,15294.8,12500,2794.8,TikTok,Cash,3,Delivered,No,No,4,Yes,Nov,11
LL10238,2025-07-28,C1126,New,Premium Jumpsuit,Jumpsuits,2,47305.42,8.81,86278.02,68000,18278.02,WhatsApp,Card,4,Delivered,No,No,4,No,Jul,7
LL10239,2025-04-28,C1399,Returning,Statement Earrings,Accessories,1,9000.0,15.11,7640.38,3500,4140.38,TikTok,Card,6,Delivered,No,No,2,Yes,Apr,4
LL10240,2025-09-03,C1385,Returning,Satin Dress,Dresses,1,34112.76,23.02,26261.06,21000,5261.06,TikTok,USSD,3,Delivered,No,No,4,Yes,Sep,9
LL10241,2025-04-13,C1309,Returning,Satin Dress,Dresses,1,35000.0,17.09,29016.99,21000,8016.99,Google,Transfer,4,Delivered,No,No,4,Yes,Apr,4
LL10242,2025-04-03,C1086,Returning,Classic Blazer,Outerwear,1,48000.0,14.1,41230.18,30000,11230.18,TikTok,Card,5,Delivered,No,Yes,4,Yes,Apr,4
LL10243,2025-01-30,C1057,Returning,Classic Blazer,Outerwear,1,48000.0,5.51,45352.91,30000,15352.91,TikTok,Transfer,1,Delivered,No,No,4,Yes,Jan,1
LL10244,2025-11-29,C1045,Returning,Wide-Leg Trousers,Trousers,3,26452.29,19.78,12384.93,51000,-7285.23,TikTok,Transfer,2,Returned,Yes,Yes,2,Yes,Nov,11
LL10245,2025-05-02,C1479,Returning,Maxi Skirt,Skirts,2,26000.0,15.55,43913.69,31000,12913.69,TikTok,Card,2,Delivered,No,Yes,3,Yes,May,5
LL10246,2025-11-10,C1357,Returning,Silk Scarf,Accessories,1,11528.16,27.1,8404.24,5500,2904.24,Instagram,Transfer,3,Delivered,No,No,5,Yes,Nov,11
LL10247,2025-08-03,C1479,Returning,Premium Jumpsuit,Jumpsuits,1,47450.94,18.95,38457.48,34000,4457.48,TikTok,Card,6,Delivered,No,No,3,Yes,Aug,8
LL10248,2025-04-04,C1222,Returning,Knit Cardigan,Tops,2,24000.0,6.56,44849.72,29000,15849.72,WhatsApp,Card,2,Delivered,No,No,3,Yes,Apr,4
LL10249,2025-03-03,C1294,New,Classic Blazer,Outerwear,1,48000.0,10.86,42787.59,30000,12787.59,Instagram,Transfer,4,Delivered,No,No,4,No,Mar,3
LL10250,2025-10-06,C1375,New,Wide-Leg Trousers,Trousers,2,26875.16,11.84,47387.69,34000,13387.69,Instagram,Transfer,1,Delivered,No,No,4,No,Oct,10
LL10251,2025-10-29,C1178,Returning,Basic Bodysuit,Tops,3,14490.5,26.35,0.0,27000,0.0,Google,Transfer,4,Cancelled,No,No,4,Yes,Oct,10
LL10252,2025-12-31,C1347,New,Satin Dress,Dresses,3,33996.79,26.06,75409.29,63000,12409.29,Google,Transfer,3,Delivered,No,Yes,4,No,Dec,12
LL10253,2025-07-16,C1341,New,Classic Blazer,Outerwear,2,44898.41,18.72,72982.87,60000,12982.87,Referral,Transfer,5,Delivered,No,No,4,No,Jul,7
LL10254,2025-11-11,C1389,Returning,Knit Cardigan,Tops,1,23253.21,20.8,18415.98,14500,3915.98,TikTok,USSD,6,Delivered,No,No,4,Yes,Nov,11
LL10255,2025-03-16,C1277,Returning,Silk Scarf,Accessories,1,12000.0,15.56,10132.23,5500,4632.23,Instagram,Transfer,5,Delivered,No,No,3,Yes,Mar,3
LL10256,2025-07-28,C1093,Returning,Linen Two-Piece,Two-Piece Sets,1,40417.78,27.1,29464.67,27000,2464.67,WhatsApp,Card,5,Delivered,No,No,4,Yes,Jul,7
LL10257,2025-04-04,C1013,New,Mini Handbag,Bags,1,22000.0,12.22,19310.92,12500,6810.92,Referral,Transfer,5,Delivered,No,No,4,No,Apr,4
LL10258,2025-05-24,C1430,Returning,Silk Scarf,Accessories,1,12000.0,9.47,10863.85,5500,5363.85,Walk-in,Card,5,Delivered,No,No,3,Yes,May,5
LL10259,2025-10-20,C1234,Returning,Silk Scarf,Accessories,2,10922.82,20.91,17277.53,11000,6277.53,TikTok,Card,5,Delivered,No,No,4,Yes,Oct,10
LL10260,2025-04-08,C1434,New,Premium Jumpsuit,Jumpsuits,1,52000.0,0.77,51598.51,34000,17598.51,TikTok,Transfer,1,Delivered,No,No,3,No,Apr,4
LL10261,2025-03-01,C1138,New,Satin Dress,Dresses,3,35000.0,8.23,96359.97,63000,33359.97,Instagram,Cash,1,Delivered,No,No,3,No,Mar,3
LL10262,2025-01-11,C1476,Returning,Mini Handbag,Bags,1,22000.0,8.61,20106.28,12500,7606.28,Referral,Transfer,3,Delivered,No,No,4,Yes,Jan,1
LL10263,2025-04-16,C1181,New,Basic Bodysuit,Tops,1,15000.0,12.3,13154.99,9000,4154.99,Walk-in,Card,1,Delivered,No,No,5,No,Apr,4
LL10264,2025-08-06,C1219,Returning,Basic Bodysuit,Tops,1,14079.82,24.79,10589.54,9000,1589.54,Google,Transfer,4,Delivered,No,No,4,Yes,Aug,8
LL10265,2025-11-14,C1488,New,Satin Dress,Dresses,1,32936.11,23.21,25290.1,21000,4290.1,Google,Transfer,7,Delivered,No,Yes,2,Yes,Nov,11
LL10266,2025-04-30,C1220,New,Classic Blazer,Outerwear,1,48000.0,14.81,40891.3,30000,10891.3,Instagram,Cash,3,Delivered,No,No,4,No,Apr,4
LL10267,2025-04-09,C1394,New,Maxi Skirt,Skirts,1,26000.0,16.19,3364.22,15500,-2387.23,TikTok,USSD,1,Returned,Yes,Yes,4,No,Apr,4
LL10268,2025-04-24,C1433,Returning,Satin Dress,Dresses,1,35000.0,17.64,28826.17,21000,7826.17,TikTok,Transfer,3,Delivered,No,No,3,Yes,Apr,4
LL10269,2025-09-21,C1315,New,Maxi Skirt,Skirts,1,24981.68,21.71,19557.97,15500,4057.97,WhatsApp,Card,6,Delivered,No,No,5,No,Sep,9
LL10270,2025-04-22,C1055,Returning,Classic Blazer,Outerwear,1,48000.0,8.59,9558.0,30000,-4129.07,Google,Card,2,Returned,Yes,Yes,3,Yes,Apr,4
LL10271,2025-01-01,C1044,New,Linen Two-Piece,Two-Piece Sets,1,42000.0,6.76,39160.03,27000,12160.03,Referral,USSD,1,Delivered,No,No,3,Yes,Jan,1
LL10272,2025-04-13,C1171,Returning,Satin Dress,Dresses,1,35000.0,17.31,0.0,21000,0.0,WhatsApp,Card,2,Cancelled,Yes,Yes,3,Yes,Apr,4
LL10273,2025-08-21,C1433,New,Maxi Skirt,Skirts,1,23486.32,13.02,20429.1,15500,4929.1,WhatsApp,Card,2,Delivered,No,No,5,No,Aug,8
LL10274,2025-08-02,C1218,Returning,Wide-Leg Trousers,Trousers,3,25223.04,26.3,6618.39,51000,-5212.69,Referral,Card,3,Returned,Yes,Yes,2,Yes,Aug,8
LL10275,2025-10-23,C1097,Returning,Statement Earrings,Accessories,1,8218.72,17.62,6770.32,3500,3270.32,Instagram,Card,6,Delivered,No,No,4,Yes,Oct,10
LL10276,2025-12-26,C1010,New,Statement Earrings,Accessories,2,8645.07,21.63,13550.98,7000,6550.98,Instagram,Transfer,6,Delivered,No,No,3,No,Dec,12
LL10277,2025-05-12,C1087,New,Satin Dress,Dresses,2,35000.0,23.35,53654.43,42000,11654.43,WhatsApp,Cash,2,Delivered,No,No,4,No,May,5
LL10278,2025-10-29,C1025,New,Basic Bodysuit,Tops,1,13926.16,19.34,11233.17,9000,2233.17,Instagram,Transfer,5,Delivered,No,No,4,No,Oct,10
LL10279,2025-02-09,C1242,New,Wide-Leg Trousers,Trousers,1,28000.0,9.39,25371.79,17000,8371.79,TikTok,Transfer,3,Delivered,No,No,5,Yes,Feb,2
LL10280,2025-01-30,C1267,New,Knit Cardigan,Tops,2,24000.0,13.01,41754.92,29000,12754.92,Referral,Cash,1,Delivered,No,Yes,4,No,Jan,1
LL10281,2025-07-03,C1495,New,Wide-Leg Trousers,Trousers,1,27416.33,18.12,22449.41,17000,5449.41,WhatsApp,Transfer,4,Delivered,No,No,3,Yes,Jul,7
LL10282,2025-03-31,C1141,New,Satin Dress,Dresses,1,35000.0,17.1,29014.79,21000,8014.79,Google,Card,2,Delivered,No,No,4,No,Mar,3
LL10283,2025-06-12,C1060,New,Leather Tote,Bags,1,38000.0,9.29,34469.81,22500,11969.81,Walk-in,Transfer,1,Delivered,No,No,4,No,Jun,6
LL10284,2025-02-13,C1375,New,Maxi Skirt,Skirts,1,26000.0,8.94,23674.66,15500,8174.66,WhatsApp,Card,4,Delivered,No,No,3,No,Feb,2
LL10285,2025-11-23,C1363,Returning,Classic Blazer,Outerwear,1,45727.33,12.65,39941.2,30000,9941.2,Instagram,Transfer,1,Delivered,No,No,4,Yes,Nov,11
LL10286,2025-10-11,C1352,Returning,Classic Blazer,Outerwear,1,45129.32,15.35,38200.46,30000,8200.46,Referral,USSD,5,Delivered,No,No,4,Yes,Oct,10
LL10287,2025-11-09,C1464,New,Premium Jumpsuit,Jumpsuits,2,48456.63,16.9,0.0,68000,0.0,TikTok,Cash,4,Cancelled,No,No,3,No,Nov,11
LL10288,2025-01-06,C1288,New,Statement Earrings,Accessories,1,9000.0,8.67,8219.6,3500,4719.6,Instagram,USSD,3,Delivered,No,No,4,No,Jan,1
LL10289,2025-12-03,C1297,New,Leather Tote,Bags,1,35362.05,16.81,29418.76,22500,6918.76,WhatsApp,Card,7,Delivered,No,Yes,3,No,Dec,12
LL10290,2025-09-08,C1233,New,Premium Jumpsuit,Jumpsuits,1,47726.33,11.18,42391.12,34000,8391.12,TikTok,Card,2,Delivered,No,No,4,No,Sep,9
LL10291,2025-11-10,C1094,New,Basic Bodysuit,Tops,1,14496.18,20.1,11581.87,9000,2581.87,Walk-in,Transfer,4,Delivered,No,No,3,Yes,Nov,11
LL10292,2025-07-06,C1346,Returning,Basic Bodysuit,Tops,2,13867.72,16.06,23282.49,18000,5282.49,Instagram,Card,5,Delivered,No,No,4,Yes,Jul,7
LL10293,2025-03-13,C1263,New,Silk Scarf,Accessories,1,12000.0,6.85,11178.13,5500,5678.13,Google,Cash,3,Delivered,No,No,2,No,Mar,3
LL10294,2025-05-31,C1400,New,Silk Scarf,Accessories,1,12000.0,6.95,11166.01,5500,5666.01,WhatsApp,Card,1,Delivered,No,No,3,No,May,5
LL10295,2025-01-27,C1311,New,Wide-Leg Trousers,Trousers,1,28000.0,5.82,26370.39,17000,9370.39,Instagram,Transfer,5,Delivered,No,No,3,No,Jan,1
LL10296,2025-12-22,C1022,New,Wide-Leg Trousers,Trousers,1,25448.95,21.72,19920.29,17000,2920.29,WhatsApp,Cash,4,Delivered,No,Yes,4,No,Dec,12
LL10297,2025-03-16,C1165,New,Wide-Leg Trousers,Trousers,3,28000.0,8.12,77182.14,51000,26182.14,Instagram,USSD,2,Delivered,No,No,4,No,Mar,3
LL10298,2025-06-30,C1288,Returning,Wide-Leg Trousers,Trousers,1,28000.0,11.12,1887.28,17000,-1798.39,WhatsApp,Card,7,Returned,Yes,Yes,2,Yes,Jun,6
LL10299,2025-12-07,C1004,Returning,Linen Two-Piece,Two-Piece Sets,1,38455.23,17.02,31910.16,27000,4910.16,WhatsApp,Cash,2,Delivered,No,No,4,Yes,Dec,12
LL10300,2025-11-02,C1171,Returning,Classic Blazer,Outerwear,1,45797.7,16.57,38208.19,30000,8208.19,WhatsApp,Card,6,Delivered,No,No,5,Yes,Nov,11
LL10301,2025-09-23,C1444,Returning,Satin Dress,Dresses,1,31667.84,29.85,0.0,21000,0.0,Instagram,Card,6,Cancelled,No,No,4,Yes,Sep,9
LL10302,2025-11-18,C1012,New,Knit Cardigan,Tops,1,22795.65,7.43,21102.92,14500,6602.92,Google,Cash,7,Delivered,No,Yes,3,No,Nov,11
LL10303,2025-06-08,C1057,Returning,Knit Cardigan,Tops,1,24000.0,4.16,23001.0,14500,8501.0,TikTok,Card,3,Delivered,No,No,4,Yes,Jun,6
LL10304,2025-12-22,C1440,Returning,Satin Dress,Dresses,2,33220.56,26.51,48827.99,42000,6827.99,WhatsApp,Transfer,4,Delivered,No,No,4,Yes,Dec,12
LL10305,2025-08-19,C1479,New,Knit Cardigan,Tops,1,22258.04,23.83,16955.03,14500,2455.03,Instagram,Transfer,2,Delivered,No,No,4,No,Aug,8
LL10306,2025-07-25,C1335,Returning,Mini Handbag,Bags,1,20427.61,13.64,17642.27,12500,5142.27,Instagram,Transfer,7,Delivered,No,Yes,3,Yes,Jul,7
LL10307,2025-07-20,C1285,New,Basic Bodysuit,Tops,3,13770.87,30.79,28590.97,27000,1590.97,TikTok,Card,3,Delivered,No,No,4,Yes,Jul,7
LL10308,2025-01-16,C1099,Returning,Classic Blazer,Outerwear,2,48000.0,11.64,84826.27,60000,24826.27,TikTok,Transfer,6,Delivered,No,No,3,Yes,Jan,1
LL10309,2025-05-11,C1188,New,Maxi Skirt,Skirts,1,26000.0,10.95,23153.57,15500,7653.57,Google,Card,1,Delivered,No,No,4,No,May,5
LL10310,2025-04-21,C1437,Returning,Maxi Skirt,Skirts,1,26000.0,13.65,22450.57,15500,6950.57,Instagram,USSD,3,Delivered,No,No,3,Yes,Apr,4
LL10311,2025-07-30,C1240,New,Knit Cardigan,Tops,1,22167.68,14.25,19009.56,14500,4509.56,Walk-in,Card,4,Delivered,No,No,3,No,Jul,7
LL10312,2025-11-24,C1443,New,Statement Earrings,Accessories,1,8753.57,20.13,6991.11,3500,3491.11,Walk-in,Card,3,Delivered,No,No,5,No,Nov,11
LL10313,2025-09-26,C1089,Returning,Leather Tote,Bags,1,36499.01,24.12,27695.98,22500,5195.98,TikTok,Transfer,2,Delivered,No,No,4,Yes,Sep,9
LL10314,2025-01-26,C1409,New,Classic Blazer,Outerwear,1,48000.0,10.39,43014.82,30000,13014.82,Instagram,Transfer,1,Delivered,No,No,4,No,Jan,1
LL10315,2025-08-05,C1435,New,Maxi Skirt,Skirts,1,23527.81,14.45,20126.89,15500,4626.89,Google,USSD,8,Delivered,No,Yes,3,No,Aug,8
LL10316,2025-11-02,C1230,Returning,Satin Dress,Dresses,1,32596.88,17.02,27047.74,21000,6047.74,Instagram,Cash,8,Delivered,No,Yes,4,Yes,Nov,11
LL10317,2025-09-10,C1408,Returning,Linen Two-Piece,Two-Piece Sets,1,38298.49,27.94,27596.42,27000,596.42,Instagram,Cash,5,Delivered,No,No,4,Yes,Sep,9
LL10318,2025-02-08,C1489,Returning,Leather Tote,Bags,1,38000.0,21.81,29712.94,22500,7212.94,WhatsApp,Cash,1,Delivered,No,No,4,Yes,Feb,2
LL10319,2025-03-28,C1090,New,Leather Tote,Bags,1,38000.0,16.34,6586.22,22500,-1796.13,TikTok,USSD,3,Returned,Yes,Yes,2,No,Mar,3
LL10320,2025-11-28,C1247,New,Maxi Skirt,Skirts,1,24314.9,23.76,18536.53,15500,3036.53,WhatsApp,Transfer,5,Delivered,No,No,3,No,Nov,11
LL10321,2025-04-05,C1378,New,Maxi Skirt,Skirts,2,26000.0,1.12,51417.63,31000,20417.63,WhatsApp,Cash,5,Delivered,No,No,4,No,Apr,4
LL10322,2025-08-12,C1220,New,Satin Dress,Dresses,1,32017.55,22.51,24810.26,21000,3810.26,Instagram,Card,5,Delivered,No,No,5,No,Aug,8
LL10323,2025-12-05,C1266,New,Classic Blazer,Outerwear,1,45055.85,17.36,37233.38,30000,7233.38,TikTok,Cash,3,Delivered,No,No,4,No,Dec,12
LL10324,2025-01-09,C1316,New,Mini Handbag,Bags,1,22000.0,6.33,20608.01,12500,8108.01,Instagram,Transfer,3,Delivered,No,No,3,No,Jan,1
LL10325,2025-11-02,C1012,Returning,Knit Cardigan,Tops,1,22287.63,18.26,18217.62,14500,3717.62,Walk-in,Card,3,Delivered,No,No,3,Yes,Nov,11
LL10326,2025-11-15,C1441,New,Statement Earrings,Accessories,1,8452.54,18.51,6887.95,3500,3387.95,TikTok,Transfer,3,Delivered,No,No,3,No,Nov,11
LL10327,2025-04-04,C1429,New,Basic Bodysuit,Tops,1,15000.0,15.69,12646.4,9000,3646.4,WhatsApp,Transfer,2,Delivered,No,No,5,No,Apr,4
LL10328,2025-11-05,C1026,Returning,Leather Tote,Bags,1,35689.21,24.35,26998.14,22500,4498.14,WhatsApp,Cash,4,Delivered,No,No,4,Yes,Nov,11
LL10329,2025-07-06,C1289,Returning,Maxi Skirt,Skirts,1,24686.71,15.25,20922.75,15500,5422.75,WhatsApp,Transfer,8,Delivered,No,Yes,3,Yes,Jul,7
LL10330,2025-10-09,C1232,New,Basic Bodysuit,Tops,1,13926.53,31.15,9588.01,9000,588.01,WhatsApp,Card,1,Delivered,No,No,3,No,Oct,10
LL10331,2025-12-13,C1301,New,Statement Earrings,Accessories,1,8288.04,24.02,6296.97,3500,2796.97,WhatsApp,Card,3,Delivered,No,No,3,No,Dec,12
LL10332,2025-04-27,C1092,Returning,Basic Bodysuit,Tops,1,15000.0,14.82,12776.87,9000,3776.87,TikTok,Transfer,2,Delivered,No,No,4,Yes,Apr,4
LL10333,2025-09-16,C1373,New,Statement Earrings,Accessories,1,8562.3,13.55,7401.87,3500,3901.87,Instagram,Card,4,Delivered,No,No,5,No,Sep,9
LL10334,2025-07-01,C1499,New,Premium Jumpsuit,Jumpsuits,1,47918.2,20.42,38132.06,34000,4132.06,Instagram,Transfer,5,Delivered,No,No,3,Yes,Jul,7
LL10335,2025-02-08,C1287,New,Basic Bodysuit,Tops,1,15000.0,11.52,13271.77,9000,4271.77,Google,Transfer,1,Delivered,No,No,5,No,Feb,2
LL10336,2025-09-15,C1093,Returning,Premium Jumpsuit,Jumpsuits,1,47666.94,10.6,0.0,34000,0.0,Instagram,Card,4,Cancelled,No,No,4,Yes,Sep,9
LL10337,2025-10-25,C1397,New,Knit Cardigan,Tops,1,22583.45,21.5,17729.12,14500,3229.12,WhatsApp,USSD,4,Delivered,No,No,3,No,Oct,10
LL10338,2025-08-11,C1089,New,Wide-Leg Trousers,Trousers,1,25492.81,11.03,22680.69,17000,5680.69,WhatsApp,Cash,2,Delivered,No,No,4,No,Aug,8
LL10339,2025-07-11,C1325,New,Maxi Skirt,Skirts,2,25089.12,18.05,41119.46,31000,10119.46,Google,Cash,4,Delivered,No,No,5,Yes,Jul,7
LL10340,2025-11-01,C1473,Returning,Leather Tote,Bags,1,34955.56,24.89,26253.55,22500,3753.55,TikTok,Cash,4,Delivered,No,No,4,Yes,Nov,11
LL10341,2025-01-06,C1408,New,Leather Tote,Bags,1,38000.0,4.33,36355.35,22500,13855.35,WhatsApp,Card,5,Delivered,No,No,4,No,Jan,1
LL10342,2025-08-10,C1315,Returning,Wide-Leg Trousers,Trousers,1,26954.4,19.7,21643.5,17000,4643.5,Google,USSD,3,Delivered,No,No,4,Yes,Aug,8
LL10343,2025-08-25,C1104,Returning,Satin Dress,Dresses,1,31971.18,28.96,22712.79,21000,1712.79,Google,Card,4,Delivered,No,No,3,Yes,Aug,8
LL10344,2025-02-17,C1224,Returning,Classic Blazer,Outerwear,2,48000.0,21.47,75385.11,60000,15385.11,WhatsApp,Card,4,Delivered,No,No,4,Yes,Feb,2
LL10345,2025-07-25,C1498,New,Leather Tote,Bags,1,36313.37,22.55,28125.39,22500,5625.39,WhatsApp,Cash,4,Delivered,No,No,4,Yes,Jul,7
LL10346,2025-03-23,C1455,Returning,Basic Bodysuit,Tops,1,15000.0,6.63,14005.64,9000,5005.64,Walk-in,Transfer,3,Delivered,No,No,3,Yes,Mar,3
LL10347,2025-09-02,C1022,New,Linen Two-Piece,Two-Piece Sets,1,38662.33,13.02,33627.35,27000,6627.35,Referral,Card,8,Delivered,No,Yes,3,No,Sep,9
LL10348,2025-01-16,C1307,New,Statement Earrings,Accessories,1,9000.0,10.11,8090.52,3500,4590.52,Google,Transfer,4,Delivered,No,No,5,No,Jan,1
LL10349,2025-04-07,C1018,Returning,Satin Dress,Dresses,1,35000.0,9.82,31562.34,21000,10562.34,Instagram,Cash,5,Delivered,No,No,4,Yes,Apr,4
LL10350,2025-02-25,C1113,New,Linen Two-Piece,Two-Piece Sets,1,42000.0,5.93,39511.06,27000,12511.06,Referral,Card,3,Delivered,No,Yes,4,No,Feb,2
LL10351,2025-07-15,C1323,Returning,Linen Two-Piece,Two-Piece Sets,3,40681.3,19.24,0.0,81000,0.0,Instagram,Card,2,Cancelled,No,No,4,Yes,Jul,7
LL10352,2025-05-08,C1020,Returning,Leather Tote,Bags,3,38000.0,7.24,105751.65,67500,38251.65,Walk-in,Transfer,1,Delivered,No,No,4,Yes,May,5
LL10353,2025-03-03,C1286,New,Maxi Skirt,Skirts,1,26000.0,9.92,23420.69,15500,7920.69,Instagram,USSD,4,Delivered,No,No,3,No,Mar,3
LL10354,2025-10-05,C1451,Returning,Classic Blazer,Outerwear,1,43279.71,15.54,36555.1,30000,6555.1,Referral,Transfer,4,Delivered,No,No,3,Yes,Oct,10
LL10355,2025-02-23,C1168,New,Knit Cardigan,Tops,1,24000.0,9.18,21797.2,14500,7297.2,TikTok,Transfer,3,Delivered,No,No,3,No,Feb,2
LL10356,2025-05-20,C1326,Returning,Basic Bodysuit,Tops,1,15000.0,17.57,12364.79,9000,3364.79,Instagram,Card,2,Delivered,No,No,3,Yes,May,5
LL10357,2025-12-01,C1044,Returning,Satin Dress,Dresses,1,33637.84,25.79,24963.81,21000,3963.81,Instagram,USSD,4,Delivered,No,No,3,Yes,Dec,12
LL10358,2025-02-03,C1097,Returning,Silk Scarf,Accessories,2,12000.0,12.44,21014.93,11000,10014.93,Google,Card,6,Delivered,No,No,4,Yes,Feb,2
LL10359,2025-06-07,C1228,New,Knit Cardigan,Tops,1,24000.0,8.61,21933.74,14500,7433.74,TikTok,Card,2,Delivered,No,No,3,No,Jun,6
LL10360,2025-05-10,C1127,New,Silk Scarf,Accessories,1,12000.0,12.67,10479.81,5500,4979.81,Instagram,Transfer,3,Delivered,No,No,3,Yes,May,5
LL10361,2025-02-10,C1429,New,Statement Earrings,Accessories,2,9000.0,2.3,17586.08,7000,10586.08,TikTok,Transfer,3,Delivered,No,No,5,No,Feb,2
LL10362,2025-12-07,C1149,New,Statement Earrings,Accessories,1,8731.16,26.1,6452.74,3500,2952.74,Referral,Transfer,2,Delivered,No,Yes,4,No,Dec,12
LL10363,2025-02-16,C1107,New,Maxi Skirt,Skirts,2,26000.0,2.34,50785.02,31000,19785.02,Google,Card,2,Delivered,No,No,2,No,Feb,2
LL10364,2025-09-30,C1492,Returning,Satin Dress,Dresses,1,33530.31,22.19,0.0,21000,0.0,Referral,Cash,2,Cancelled,No,No,4,Yes,Sep,9
LL10365,2025-05-09,C1049,New,Leather Tote,Bags,2,38000.0,7.23,70506.48,45000,25506.48,TikTok,Card,6,Delivered,No,No,3,No,May,5
LL10366,2025-10-28,C1212,New,Wide-Leg Trousers,Trousers,1,26086.54,13.35,22604.86,17000,5604.86,WhatsApp,Cash,9,Delivered,No,Yes,3,No,Oct,10
LL10367,2025-10-31,C1484,New,Premium Jumpsuit,Jumpsuits,1,47437.08,22.8,36620.7,34000,2620.7,Referral,Card,5,Delivered,No,No,3,No,Oct,10
LL10368,2025-05-14,C1461,Returning,Leather Tote,Bags,1,38000.0,14.32,32557.94,22500,10057.94,Google,Card,1,Delivered,No,No,3,Yes,May,5
LL10369,2025-02-22,C1107,New,Silk Scarf,Accessories,1,12000.0,8.36,10997.37,5500,5497.37,Instagram,Card,3,Delivered,No,No,4,No,Feb,2
LL10370,2025-02-04,C1119,Returning,Premium Jumpsuit,Jumpsuits,2,52000.0,0.62,103358.94,68000,35358.94,WhatsApp,Transfer,2,Delivered,No,No,3,Yes,Feb,2
LL10371,2025-12-20,C1106,Returning,Basic Bodysuit,Tops,1,13730.43,23.38,10519.58,9000,1519.58,WhatsApp,Card,5,Delivered,No,No,4,Yes,Dec,12
LL10372,2025-01-10,C1469,Returning,Statement Earrings,Accessories,2,9000.0,0.0,18000.0,7000,11000.0,TikTok,Card,3,Delivered,No,No,4,Yes,Jan,1
LL10373,2025-01-20,C1216,New,Basic Bodysuit,Tops,1,15000.0,20.92,0.0,9000,0.0,TikTok,Transfer,1,Cancelled,No,No,4,Yes,Jan,1
LL10374,2025-07-19,C1405,Returning,Mini Handbag,Bags,1,20605.33,26.52,15140.13,12500,2640.13,TikTok,Cash,4,Delivered,No,No,5,Yes,Jul,7
LL10375,2025-06-29,C1426,New,Premium Jumpsuit,Jumpsuits,1,52000.0,17.24,43034.29,34000,9034.29,TikTok,Transfer,2,Delivered,No,No,3,No,Jun,6
LL10376,2025-03-25,C1291,Returning,Leather Tote,Bags,1,38000.0,8.7,34693.71,22500,12193.71,TikTok,Card,2,Delivered,No,No,4,Yes,Mar,3
LL10377,2025-08-06,C1164,Returning,Statement Earrings,Accessories,1,8308.83,24.0,6314.86,3500,2814.86,Instagram,Transfer,5,Delivered,No,No,3,Yes,Aug,8
LL10378,2025-07-01,C1013,New,Classic Blazer,Outerwear,2,45347.4,18.87,12150.32,60000,-14190.8,WhatsApp,Transfer,7,Returned,Yes,Yes,1,Yes,Jul,7
LL10379,2025-09-11,C1188,Returning,Mini Handbag,Bags,1,20277.93,11.14,18018.33,12500,5518.33,TikTok,Cash,5,Delivered,No,No,4,Yes,Sep,9
LL10380,2025-08-16,C1341,New,Wide-Leg Trousers,Trousers,1,26581.23,10.68,23743.16,17000,6743.16,Instagram,Transfer,2,Delivered,No,No,4,No,Aug,8
LL10381,2025-07-08,C1255,New,Mini Handbag,Bags,1,20689.44,10.44,18529.75,12500,6029.75,TikTok,Card,3,Delivered,No,No,4,No,Jul,7
LL10382,2025-02-27,C1078,New,Leather Tote,Bags,1,38000.0,3.37,36719.78,22500,14219.78,TikTok,Card,4,Delivered,No,No,3,No,Feb,2
LL10383,2025-01-04,C1351,Returning,Statement Earrings,Accessories,1,9000.0,4.97,8552.63,3500,5052.63,WhatsApp,Card,1,Delivered,No,No,3,Yes,Jan,1
LL10384,2025-09-17,C1349,Returning,Linen Two-Piece,Two-Piece Sets,2,38567.19,22.37,59880.3,54000,5880.3,Instagram,Transfer,2,Delivered,No,No,4,Yes,Sep,9
LL10385,2025-06-23,C1170,Returning,Premium Jumpsuit,Jumpsuits,1,52000.0,18.42,0.0,34000,0.0,Referral,Transfer,5,Cancelled,No,No,4,Yes,Jun,6
LL10386,2025-06-17,C1048,New,Linen Two-Piece,Two-Piece Sets,2,42000.0,10.49,75186.31,54000,21186.31,TikTok,Transfer,6,Delivered,No,No,4,No,Jun,6
LL10387,2025-07-14,C1214,Returning,Linen Two-Piece,Two-Piece Sets,1,39647.05,17.7,32630.32,27000,5630.32,TikTok,Cash,7,Delivered,No,Yes,3,Yes,Jul,7
LL10388,2025-06-05,C1016,New,Satin Dress,Dresses,1,35000.0,15.42,29602.71,21000,8602.71,Google,Transfer,2,Delivered,No,No,4,Yes,Jun,6
LL10389,2025-04-27,C1068,New,Linen Two-Piece,Two-Piece Sets,2,42000.0,3.35,81182.58,54000,27182.58,TikTok,Card,3,Delivered,No,No,3,No,Apr,4
LL10390,2025-08-01,C1049,New,Mini Handbag,Bags,1,20132.28,22.91,15519.65,12500,3019.65,TikTok,USSD,1,Delivered,No,No,4,No,Aug,8
LL10391,2025-02-12,C1433,Returning,Knit Cardigan,Tops,2,24000.0,14.47,41056.21,29000,12056.21,TikTok,Card,2,Delivered,No,No,3,Yes,Feb,2
LL10392,2025-06-05,C1005,New,Linen Two-Piece,Two-Piece Sets,1,42000.0,8.14,38579.68,27000,11579.68,Walk-in,Cash,4,Delivered,No,No,5,No,Jun,6
LL10393,2025-08-25,C1486,New,Wide-Leg Trousers,Trousers,1,27365.09,15.1,23234.01,17000,6234.01,Walk-in,Transfer,4,Delivered,No,Yes,4,Yes,Aug,8
LL10394,2025-09-15,C1063,Returning,Classic Blazer,Outerwear,1,47022.42,20.79,37245.67,30000,7245.67,TikTok,Card,1,Delivered,No,No,4,Yes,Sep,9
LL10395,2025-07-23,C1196,Returning,Basic Bodysuit,Tops,1,13608.67,20.41,10830.86,9000,1830.86,WhatsApp,Transfer,4,Delivered,No,Yes,4,Yes,Jul,7
LL10396,2025-10-10,C1211,New,Wide-Leg Trousers,Trousers,1,25702.62,7.5,23774.76,17000,6774.76,WhatsApp,Transfer,1,Delivered,No,No,4,Yes,Oct,10
LL10397,2025-03-23,C1428,New,Linen Two-Piece,Two-Piece Sets,1,42000.0,6.21,39389.97,27000,12389.97,TikTok,Cash,2,Delivered,No,No,3,No,Mar,3
LL10398,2025-07-23,C1194,Returning,Leather Tote,Bags,1,34563.37,11.77,0.0,22500,0.0,Instagram,Transfer,4,Cancelled,No,No,4,Yes,Jul,7
LL10399,2025-04-18,C1178,New,Knit Cardigan,Tops,1,24000.0,9.66,21681.75,14500,7181.75,WhatsApp,USSD,3,Delivered,No,No,3,No,Apr,4
LL10400,2025-07-17,C1498,Returning,Premium Jumpsuit,Jumpsuits,1,48444.94,19.02,39232.56,34000,5232.56,WhatsApp,Cash,1,Delivered,No,No,3,Yes,Jul,7
LL10401,2025-11-28,C1093,New,Silk Scarf,Accessories,1,11486.75,20.7,0.0,5500,0.0,Instagram,Cash,4,Cancelled,No,No,4,No,Nov,11
LL10402,2025-12-23,C1168,Returning,Classic Blazer,Outerwear,1,45142.76,23.11,34712.29,30000,4712.29,Referral,Cash,4,Delivered,No,No,4,Yes,Dec,12
LL10403,2025-09-15,C1249,Returning,Linen Two-Piece,Two-Piece Sets,2,38821.76,24.1,58930.33,54000,4930.33,Google,Transfer,3,Delivered,No,No,4,Yes,Sep,9
LL10404,2025-04-30,C1458,New,Statement Earrings,Accessories,1,9000.0,18.02,7378.16,3500,3878.16,WhatsApp,Transfer,3,Delivered,No,No,3,No,Apr,4
LL10405,2025-03-08,C1200,New,Silk Scarf,Accessories,1,12000.0,12.03,10556.57,5500,5056.57,WhatsApp,Transfer,2,Delivered,No,No,3,No,Mar,3
LL10406,2025-08-26,C1070,New,Leather Tote,Bags,1,35533.49,17.18,29430.16,22500,6930.16,Instagram,Card,3,Delivered,No,No,4,Yes,Aug,8
LL10407,2025-10-20,C1478,Returning,Premium Jumpsuit,Jumpsuits,3,47716.56,15.65,120748.93,102000,18748.93,Instagram,Card,2,Delivered,No,No,4,Yes,Oct,10
LL10408,2025-04-02,C1181,New,Wide-Leg Trousers,Trousers,1,28000.0,8.82,25531.01,17000,8531.01,Instagram,Transfer,2,Delivered,No,No,3,No,Apr,4
LL10409,2025-06-03,C1048,New,Basic Bodysuit,Tops,1,15000.0,13.81,12928.7,9000,3928.7,Referral,Card,1,Delivered,No,No,3,No,Jun,6
LL10410,2025-03-07,C1091,New,Linen Two-Piece,Two-Piece Sets,2,42000.0,3.04,81447.56,54000,27447.56,WhatsApp,Card,4,Delivered,No,No,3,Yes,Mar,3
LL10411,2025-05-06,C1492,Returning,Premium Jumpsuit,Jumpsuits,1,52000.0,9.48,47071.18,34000,13071.18,Walk-in,Card,2,Delivered,No,No,4,Yes,May,5
LL10412,2025-08-06,C1189,Returning,Premium Jumpsuit,Jumpsuits,1,47915.48,19.15,38739.42,34000,4739.42,TikTok,Transfer,4,Delivered,No,No,4,Yes,Aug,8
LL10413,2025-07-27,C1311,Returning,Linen Two-Piece,Two-Piece Sets,1,39215.57,22.98,30204.26,27000,3204.26,Google,Cash,5,Delivered,No,No,4,Yes,Jul,7
LL10414,2025-10-03,C1264,Returning,Linen Two-Piece,Two-Piece Sets,1,39636.16,21.4,31153.57,27000,4153.57,Instagram,Cash,2,Delivered,No,No,4,Yes,Oct,10
LL10415,2025-08-20,C1093,New,Knit Cardigan,Tops,3,22639.42,17.17,56256.29,43500,12756.29,TikTok,USSD,4,Delivered,No,No,4,No,Aug,8
LL10416,2025-02-11,C1135,Returning,Basic Bodysuit,Tops,1,15000.0,18.96,12156.64,9000,3156.64,Instagram,Card,1,Delivered,No,No,4,Yes,Feb,2
LL10417,2025-11-22,C1053,Returning,Premium Jumpsuit,Jumpsuits,1,48868.47,23.34,9020.86,34000,-1924.48,Walk-in,Transfer,5,Returned,Yes,Yes,3,Yes,Nov,11
LL10418,2025-11-07,C1331,New,Knit Cardigan,Tops,1,22528.46,14.83,19186.93,14500,4686.93,Instagram,USSD,6,Delivered,No,No,3,No,Nov,11
LL10419,2025-07-12,C1335,Returning,Wide-Leg Trousers,Trousers,3,25854.64,7.15,72016.84,51000,21016.84,TikTok,Transfer,2,Delivered,No,No,4,Yes,Jul,7
LL10420,2025-12-23,C1176,Returning,Basic Bodysuit,Tops,1,13767.7,21.53,0.0,9000,0.0,WhatsApp,Card,5,Cancelled,No,No,3,Yes,Dec,12
LL10421,2025-02-05,C1439,New,Premium Jumpsuit,Jumpsuits,1,52000.0,5.1,49350.23,34000,15350.23,TikTok,Cash,3,Delivered,No,No,3,Yes,Feb,2
LL10422,2025-01-22,C1066,Returning,Knit Cardigan,Tops,1,24000.0,7.53,22193.05,14500,7693.05,Instagram,Transfer,4,Delivered,No,No,4,Yes,Jan,1
LL10423,2025-04-11,C1002,Returning,Maxi Skirt,Skirts,1,26000.0,4.68,24783.28,15500,9283.28,Google,Transfer,4,Delivered,No,No,3,Yes,Apr,4
LL10424,2025-09-27,C1247,New,Mini Handbag,Bags,2,21447.67,3.32,0.0,25000,0.0,Walk-in,Transfer,5,Cancelled,No,No,4,No,Sep,9
LL10425,2025-04-24,C1462,New,Leather Tote,Bags,1,38000.0,17.25,31445.28,22500,8945.28,Google,Transfer,1,Delivered,No,No,4,No,Apr,4
LL10426,2025-11-09,C1486,New,Silk Scarf,Accessories,1,11726.83,20.17,9361.36,5500,3861.36,Google,Card,4,Delivered,No,No,4,No,Nov,11
LL10427,2025-01-30,C1114,New,Classic Blazer,Outerwear,1,48000.0,6.72,44773.83,30000,14773.83,TikTok,Transfer,1,Delivered,No,No,5,No,Jan,1
LL10428,2025-12-18,C1466,New,Mini Handbag,Bags,1,21047.11,22.38,4071.65,12500,-1962.0,Referral,Transfer,7,Returned,Yes,Yes,1,No,Dec,12
LL10429,2025-05-06,C1408,New,Maxi Skirt,Skirts,2,26000.0,14.39,44516.82,31000,13516.82,Referral,Transfer,2,Delivered,No,No,4,Yes,May,5
LL10430,2025-04-24,C1491,Returning,Knit Cardigan,Tops,1,24000.0,8.83,21879.75,14500,7379.75,Google,USSD,4,Delivered,No,Yes,3,Yes,Apr,4
LL10431,2025-07-30,C1215,Returning,Premium Jumpsuit,Jumpsuits,1,49922.26,23.09,38394.69,34000,4394.69,Referral,Transfer,1,Delivered,No,No,3,Yes,Jul,7
LL10432,2025-03-13,C1133,New,Mini Handbag,Bags,2,22000.0,7.9,40523.79,25000,15523.79,TikTok,Transfer,3,Delivered,No,No,4,No,Mar,3
LL10433,2025-05-24,C1205,Returning,Premium Jumpsuit,Jumpsuits,1,52000.0,4.68,8612.47,34000,-6591.24,Google,USSD,2,Returned,Yes,Yes,3,Yes,May,5
LL10434,2025-09-03,C1262,Returning,Knit Cardigan,Tops,1,22642.45,15.41,19153.87,14500,4653.87,Instagram,Transfer,5,Delivered,No,No,3,Yes,Sep,9
LL10435,2025-03-20,C1052,New,Linen Two-Piece,Two-Piece Sets,1,42000.0,6.79,39147.5,27000,12147.5,Instagram,USSD,6,Delivered,No,No,4,No,Mar,3
LL10436,2025-04-04,C1452,Returning,Maxi Skirt,Skirts,1,26000.0,4.72,24771.64,15500,9271.64,TikTok,Transfer,2,Delivered,No,No,4,Yes,Apr,4
LL10437,2025-05-19,C1314,New,Classic Blazer,Outerwear,1,48000.0,7.96,44177.06,30000,14177.06,Walk-in,Transfer,3,Delivered,No,No,4,No,May,5
LL10438,2025-11-30,C1256,Returning,Satin Dress,Dresses,1,33272.64,28.32,0.0,21000,0.0,Google,Card,4,Cancelled,No,No,4,Yes,Nov,11
LL10439,2025-01-17,C1127,Returning,Premium Jumpsuit,Jumpsuits,2,52000.0,6.96,96763.42,68000,28763.42,Google,Transfer,4,Delivered,No,No,5,Yes,Jan,1
LL10440,2025-04-04,C1174,New,Knit Cardigan,Tops,1,24000.0,15.92,20178.89,14500,5678.89,WhatsApp,Transfer,3,Delivered,No,No,3,No,Apr,4
LL10441,2025-11-13,C1038,Returning,Basic Bodysuit,Tops,1,13679.26,30.96,9443.7,9000,443.7,WhatsApp,Transfer,5,Delivered,No,No,4,Yes,Nov,11
LL10442,2025-09-18,C1482,Returning,Basic Bodysuit,Tops,2,14481.39,25.78,21495.56,18000,3495.56,Walk-in,Card,7,Delivered,No,Yes,3,Yes,Sep,9
LL10443,2025-01-16,C1498,New,Premium Jumpsuit,Jumpsuits,2,52000.0,8.82,19703.37,68000,-8242.52,Instagram,Card,2,Returned,Yes,Yes,3,No,Jan,1
LL10444,2025-06-18,C1330,Returning,Satin Dress,Dresses,1,35000.0,8.68,31963.34,21000,10963.34,TikTok,Transfer,2,Delivered,No,No,3,Yes,Jun,6
LL10445,2025-03-20,C1433,New,Mini Handbag,Bags,2,22000.0,10.11,39549.71,25000,14549.71,WhatsApp,Transfer,4,Delivered,No,No,5,No,Mar,3
LL10446,2025-01-18,C1073,New,Leather Tote,Bags,1,38000.0,9.83,34264.15,22500,11764.15,Instagram,Cash,1,Delivered,No,No,4,No,Jan,1
LL10447,2025-08-06,C1445,New,Satin Dress,Dresses,1,33044.79,22.74,25530.19,21000,4530.19,TikTok,Card,4,Delivered,No,No,4,No,Aug,8
LL10448,2025-03-07,C1137,Returning,Leather Tote,Bags,1,38000.0,2.02,37232.2,22500,14732.2,Referral,Transfer,1,Delivered,No,No,4,Yes,Mar,3
LL10449,2025-07-01,C1199,New,Premium Jumpsuit,Jumpsuits,1,47912.91,11.47,42419.34,34000,8419.34,WhatsApp,Transfer,4,Delivered,No,No,3,Yes,Jul,7
LL10450,2025-02-06,C1282,New,Classic Blazer,Outerwear,3,48000.0,15.78,121270.22,90000,31270.22,Instagram,Card,4,Delivered,No,No,4,No,Feb,2
LL10451,2025-04-11,C1165,Returning,Linen Two-Piece,Two-Piece Sets,1,42000.0,6.98,39069.07,27000,12069.07,WhatsApp,Card,1,Delivered,No,No,4,Yes,Apr,4
LL10452,2025-05-16,C1413,New,Linen Two-Piece,Two-Piece Sets,1,42000.0,9.89,37847.92,27000,10847.92,WhatsApp,Card,4,Delivered,No,Yes,4,Yes,May,5
LL10453,2025-03-16,C1295,New,Premium Jumpsuit,Jumpsuits,2,52000.0,6.61,97121.39,68000,29121.39,Instagram,Transfer,3,Delivered,No,No,2,No,Mar,3
LL10454,2025-04-11,C1149,New,Satin Dress,Dresses,1,35000.0,13.46,30287.43,21000,9287.43,Instagram,Transfer,1,Delivered,No,No,4,Yes,Apr,4
LL10455,2025-05-22,C1428,New,Leather Tote,Bags,1,38000.0,6.28,35614.67,22500,13114.67,WhatsApp,Card,2,Delivered,No,No,3,No,May,5
LL10456,2025-11-09,C1363,New,Knit Cardigan,Tops,1,23316.49,14.87,19849.67,14500,5349.67,WhatsApp,Transfer,1,Delivered,No,No,4,No,Nov,11
LL10457,2025-04-10,C1261,New,Linen Two-Piece,Two-Piece Sets,1,42000.0,8.04,38622.94,27000,11622.94,Instagram,Cash,1,Delivered,No,No,4,Yes,Apr,4
LL10458,2025-05-12,C1490,Returning,Basic Bodysuit,Tops,1,15000.0,10.88,13367.65,9000,4367.65,Google,Card,2,Delivered,No,No,3,Yes,May,5
LL10459,2025-11-19,C1471,Returning,Silk Scarf,Accessories,2,11526.65,18.49,18790.84,11000,7790.84,WhatsApp,Transfer,3,Delivered,No,No,3,Yes,Nov,11
LL10460,2025-12-02,C1027,New,Wide-Leg Trousers,Trousers,1,26587.87,17.28,21992.5,17000,4992.5,WhatsApp,Cash,4,Delivered,No,No,4,No,Dec,12
LL10461,2025-09-15,C1204,Returning,Maxi Skirt,Skirts,2,24795.4,21.61,38875.27,31000,7875.27,WhatsApp,Card,4,Delivered,No,No,5,Yes,Sep,9
LL10462,2025-01-06,C1236,New,Classic Blazer,Outerwear,1,48000.0,17.98,39367.56,30000,9367.56,Instagram,Transfer,1,Delivered,No,No,4,No,Jan,1
LL10463,2025-03-28,C1419,Returning,Mini Handbag,Bags,1,22000.0,15.05,0.0,12500,0.0,TikTok,Transfer,1,Cancelled,No,No,4,Yes,Mar,3
LL10464,2025-08-07,C1348,New,Knit Cardigan,Tops,2,23306.19,11.97,41033.82,29000,12033.82,WhatsApp,Cash,3,Delivered,No,No,3,Yes,Aug,8
LL10465,2025-09-19,C1248,Returning,Satin Dress,Dresses,1,33372.28,22.33,25919.59,21000,4919.59,TikTok,Card,3,Delivered,No,No,3,Yes,Sep,9
LL10466,2025-02-22,C1218,New,Statement Earrings,Accessories,1,9000.0,6.44,8420.25,3500,4920.25,Instagram,Card,1,Delivered,No,No,3,No,Feb,2
LL10467,2025-03-21,C1135,New,Maxi Skirt,Skirts,3,26000.0,4.65,74374.37,46500,27874.37,Instagram,Transfer,4,Delivered,No,No,4,No,Mar,3
LL10468,2025-11-29,C1439,New,Basic Bodysuit,Tops,1,13788.29,22.66,10663.77,9000,1663.77,TikTok,Card,1,Delivered,No,No,4,No,Nov,11
LL10469,2025-07-20,C1023,Returning,Maxi Skirt,Skirts,1,25371.36,27.01,18519.14,15500,3019.14,Instagram,Transfer,5,Delivered,No,No,4,Yes,Jul,7
LL10470,2025-03-08,C1062,Returning,Mini Handbag,Bags,2,22000.0,12.61,38451.94,25000,13451.94,TikTok,Card,4,Delivered,No,No,5,Yes,Mar,3
LL10471,2025-06-04,C1240,New,Knit Cardigan,Tops,2,24000.0,12.15,42169.97,29000,13169.97,Instagram,Cash,4,Delivered,No,No,4,No,Jun,6
LL10472,2025-03-31,C1415,New,Knit Cardigan,Tops,1,24000.0,0.07,23982.8,14500,9482.8,Instagram,Transfer,3,Delivered,No,No,4,No,Mar,3
LL10473,2025-04-26,C1163,New,Statement Earrings,Accessories,2,9000.0,4.11,17261.03,7000,10261.03,Referral,Transfer,2,Delivered,No,No,4,No,Apr,4
LL10474,2025-05-13,C1279,New,Maxi Skirt,Skirts,2,26000.0,15.19,44103.39,31000,13103.39,Referral,Card,4,Delivered,No,No,3,No,May,5
LL10475,2025-06-10,C1287,New,Knit Cardigan,Tops,2,24000.0,0.9,47569.82,29000,18569.82,Instagram,Card,1,Delivered,No,No,4,No,Jun,6
LL10476,2025-12-21,C1340,Returning,Knit Cardigan,Tops,1,22101.88,12.39,19363.18,14500,4863.18,Walk-in,Cash,4,Delivered,No,No,3,Yes,Dec,12
LL10477,2025-12-23,C1145,New,Leather Tote,Bags,1,35293.76,22.22,27451.73,22500,4951.73,TikTok,USSD,6,Delivered,No,No,4,No,Dec,12
LL10478,2025-08-25,C1138,Returning,Silk Scarf,Accessories,1,11727.38,19.57,9432.11,5500,3932.11,Instagram,Transfer,3,Delivered,No,Yes,4,Yes,Aug,8
LL10479,2025-01-12,C1035,Returning,Wide-Leg Trousers,Trousers,1,28000.0,1.46,0.0,17000,0.0,Walk-in,Transfer,4,Cancelled,No,No,4,Yes,Jan,1
LL10480,2025-01-31,C1386,New,Basic Bodysuit,Tops,1,15000.0,19.96,12005.31,9000,3005.31,Instagram,Transfer,2,Delivered,No,Yes,4,No,Jan,1
LL10481,2025-04-12,C1392,Returning,Linen Two-Piece,Two-Piece Sets,1,42000.0,7.9,38681.99,27000,11681.99,Instagram,USSD,2,Delivered,No,No,4,Yes,Apr,4
LL10482,2025-11-22,C1113,Returning,Knit Cardigan,Tops,1,23480.19,25.27,17547.08,14500,3047.08,WhatsApp,Card,6,Delivered,No,No,3,Yes,Nov,11
LL10483,2025-02-21,C1195,Returning,Maxi Skirt,Skirts,1,26000.0,13.14,22582.6,15500,7082.6,WhatsApp,Transfer,2,Delivered,No,No,4,Yes,Feb,2
LL10484,2025-03-30,C1154,New,Wide-Leg Trousers,Trousers,1,28000.0,5.97,26327.86,17000,9327.86,Instagram,Card,2,Delivered,No,No,3,No,Mar,3
LL10485,2025-03-27,C1124,New,Leather Tote,Bags,1,38000.0,5.99,35723.63,22500,13223.63,Instagram,Cash,1,Delivered,No,No,4,No,Mar,3
LL10486,2025-01-12,C1156,Returning,Maxi Skirt,Skirts,1,26000.0,13.1,22593.9,15500,7093.9,WhatsApp,Card,5,Delivered,No,No,3,Yes,Jan,1
LL10487,2025-12-22,C1216,Returning,Silk Scarf,Accessories,1,10834.89,19.8,8689.37,5500,3189.37,Instagram,Cash,5,Delivered,No,No,3,Yes,Dec,12
LL10488,2025-09-10,C1454,Returning,Premium Jumpsuit,Jumpsuits,2,50846.39,19.67,81685.54,68000,13685.54,TikTok,Transfer,7,Delivered,No,Yes,3,Yes,Sep,9
LL10489,2025-10-14,C1289,Returning,Basic Bodysuit,Tops,2,14204.84,16.01,23861.02,18000,5861.02,Instagram,Card,7,Delivered,No,Yes,4,Yes,Oct,10
LL10490,2025-11-15,C1203,New,Wide-Leg Trousers,Trousers,1,25624.6,17.93,21029.22,17000,4029.22,Google,Card,4,Delivered,No,No,3,No,Nov,11
LL10491,2025-11-23,C1422,New,Mini Handbag,Bags,1,20410.23,21.06,16111.84,12500,3611.84,Referral,Cash,1,Delivered,No,No,4,Yes,Nov,11
LL10492,2025-01-24,C1444,New,Statement Earrings,Accessories,1,9000.0,7.26,0.0,3500,0.0,Google,Transfer,4,Cancelled,No,No,4,No,Jan,1
LL10493,2025-02-23,C1295,New,Maxi Skirt,Skirts,2,26000.0,13.03,45226.56,31000,14226.56,TikTok,Transfer,2,Delivered,No,No,5,No,Feb,2
LL10494,2025-12-03,C1158,New,Silk Scarf,Accessories,1,11090.66,10.01,9980.87,5500,4480.87,TikTok,Cash,5,Delivered,No,No,4,No,Dec,12
LL10495,2025-05-30,C1146,Returning,Maxi Skirt,Skirts,1,26000.0,4.94,24715.34,15500,9215.34,WhatsApp,Cash,4,Delivered,No,Yes,5,Yes,May,5
LL10496,2025-11-24,C1445,Returning,Linen Two-Piece,Two-Piece Sets,2,39344.37,19.83,63082.2,54000,9082.2,Instagram,USSD,3,Delivered,No,Yes,3,Yes,Nov,11
LL10497,2025-12-10,C1194,New,Premium Jumpsuit,Jumpsuits,2,48784.78,18.88,8507.35,68000,-8947.36,Walk-in,Card,3,Returned,Yes,Yes,2,Yes,Dec,12
LL10498,2025-08-24,C1281,New,Leather Tote,Bags,1,37237.59,20.68,29535.04,22500,7035.04,TikTok,Transfer,4,Delivered,No,No,4,No,Aug,8
LL10499,2025-09-02,C1335,New,Wide-Leg Trousers,Trousers,1,25843.46,12.73,0.0,17000,0.0,Referral,Card,5,Cancelled,No,No,4,Yes,Sep,9
LL10500,2025-11-13,C1404,Returning,Basic Bodysuit,Tops,2,14534.26,5.09,27589.02,18000,9589.02,WhatsApp,Transfer,3,Delivered,No,No,4,Yes,Nov,11
LL10501,2025-01-28,C1223,Returning,Maxi Skirt,Skirts,1,26000.0,19.29,20984.69,15500,5484.69,WhatsApp,Cash,5,Delivered,No,No,3,Yes,Jan,1
LL10502,2025-07-17,C1030,New,Maxi Skirt,Skirts,2,24392.46,19.29,39372.58,31000,8372.58,Instagram,Transfer,4,Delivered,No,No,5,No,Jul,7
LL10503,2025-05-10,C1350,New,Premium Jumpsuit,Jumpsuits,1,52000.0,13.81,44818.41,34000,10818.41,TikTok,USSD,2,Delivered,No,No,3,No,May,5
LL10504,2025-12-04,C1313,Returning,Linen Two-Piece,Two-Piece Sets,1,40855.73,22.91,7296.97,27000,-6380.05,Instagram,Transfer,8,Returned,Yes,Yes,2,Yes,Dec,12
LL10505,2025-06-28,C1241,New,Maxi Skirt,Skirts,1,26000.0,2.9,25246.97,15500,9746.97,Google,Cash,5,Delivered,No,No,3,Yes,Jun,6
LL10506,2025-03-18,C1419,New,Mini Handbag,Bags,1,22000.0,4.54,21001.09,12500,8501.09,TikTok,Transfer,1,Delivered,No,Yes,4,Yes,Mar,3
LL10507,2025-11-26,C1439,Returning,Premium Jumpsuit,Jumpsuits,1,48784.52,28.61,34829.65,34000,829.65,Google,Cash,4,Delivered,No,No,4,Yes,Nov,11
LL10508,2025-10-08,C1447,Returning,Statement Earrings,Accessories,1,8563.23,25.04,6418.6,3500,2918.6,Instagram,Transfer,6,Delivered,No,No,3,Yes,Oct,10
LL10509,2025-06-14,C1480,New,Classic Blazer,Outerwear,2,48000.0,3.82,92329.8,60000,32329.8,WhatsApp,Card,5,Delivered,No,No,4,No,Jun,6
LL10510,2025-05-19,C1205,Returning,Wide-Leg Trousers,Trousers,1,28000.0,8.62,25587.14,17000,8587.14,WhatsApp,Card,2,Delivered,No,No,4,Yes,May,5
LL10511,2025-03-18,C1077,New,Mini Handbag,Bags,1,22000.0,16.87,4141.32,12500,-1350.92,WhatsApp,Card,2,Returned,Yes,Yes,3,No,Mar,3
LL10512,2025-05-24,C1450,New,Maxi Skirt,Skirts,1,26000.0,6.2,24387.03,15500,8887.03,Instagram,Cash,4,Delivered,No,No,2,No,May,5
LL10513,2025-10-16,C1286,Returning,Linen Two-Piece,Two-Piece Sets,2,39016.93,14.44,66763.67,54000,12763.67,WhatsApp,Card,4,Delivered,No,No,5,Yes,Oct,10
LL10514,2025-03-16,C1157,Returning,Basic Bodysuit,Tops,1,15000.0,3.77,14434.25,9000,5434.25,Instagram,Card,6,Delivered,No,No,4,Yes,Mar,3
LL10515,2025-05-13,C1055,New,Statement Earrings,Accessories,2,9000.0,8.86,16404.4,7000,9404.4,WhatsApp,Card,2,Delivered,No,No,4,No,May,5
LL10516,2025-12-15,C1271,Returning,Mini Handbag,Bags,1,20989.57,21.13,0.0,12500,0.0,Instagram,Transfer,5,Cancelled,No,Yes,3,Yes,Dec,12
LL10517,2025-01-13,C1412,New,Wide-Leg Trousers,Trousers,1,28000.0,13.75,24149.65,17000,7149.65,Google,Card,1,Delivered,No,No,4,No,Jan,1
LL10518,2025-05-20,C1190,New,Knit Cardigan,Tops,1,24000.0,3.3,4354.83,14500,-952.15,Google,Transfer,3,Returned,Yes,Yes,5,No,May,5
LL10519,2025-01-14,C1257,New,Maxi Skirt,Skirts,2,26000.0,10.38,46603.5,31000,15603.5,WhatsApp,Card,5,Delivered,No,No,4,No,Jan,1
LL10520,2025-09-27,C1221,New,Silk Scarf,Accessories,1,11172.57,21.45,1852.81,5500,-518.6,Instagram,USSD,4,Returned,Yes,Yes,3,Yes,Sep,9
LL10521,2025-03-04,C1224,Returning,Premium Jumpsuit,Jumpsuits,2,52000.0,5.8,0.0,68000,0.0,TikTok,Card,5,Cancelled,No,No,3,Yes,Mar,3
LL10522,2025-10-24,C1411,New,Wide-Leg Trousers,Trousers,2,26213.18,22.74,40504.39,34000,6504.39,Instagram,Transfer,6,Delivered,No,No,3,No,Oct,10
LL10523,2025-11-26,C1054,New,Silk Scarf,Accessories,1,11681.55,16.93,9703.79,5500,4203.79,TikTok,Transfer,6,Delivered,No,No,4,No,Nov,11
LL10524,2025-04-19,C1317,New,Leather Tote,Bags,2,38000.0,7.93,69974.68,45000,24974.68,TikTok,Card,2,Delivered,No,No,4,No,Apr,4
LL10525,2025-11-22,C1030,New,Leather Tote,Bags,1,36233.92,21.06,28602.62,22500,6102.62,Instagram,USSD,5,Delivered,No,No,4,No,Nov,11
LL10526,2025-09-19,C1365,New,Wide-Leg Trousers,Trousers,1,25735.94,19.49,20719.42,17000,3719.42,TikTok,Cash,5,Delivered,No,No,5,No,Sep,9
LL10527,2025-01-26,C1210,Returning,Silk Scarf,Accessories,1,12000.0,20.24,9570.82,5500,4070.82,Instagram,Cash,1,Delivered,No,No,4,Yes,Jan,1
LL10528,2025-05-02,C1211,New,Knit Cardigan,Tops,1,24000.0,7.27,22255.89,14500,7755.89,TikTok,Transfer,2,Delivered,No,No,3,No,May,5
LL10529,2025-03-30,C1433,New,Statement Earrings,Accessories,1,9000.0,6.79,8388.5,3500,4888.5,Instagram,Cash,8,Delivered,No,Yes,3,Yes,Mar,3
LL10530,2025-05-18,C1102,New,Basic Bodysuit,Tops,1,15000.0,17.54,12368.51,9000,3368.51,WhatsApp,Card,2,Delivered,No,No,5,Yes,May,5
LL10531,2025-01-06,C1038,Returning,Maxi Skirt,Skirts,2,26000.0,18.56,42351.33,31000,11351.33,Google,USSD,4,Delivered,No,No,4,Yes,Jan,1
LL10532,2025-07-27,C1417,New,Knit Cardigan,Tops,1,23304.21,21.06,18395.42,14500,3895.42,TikTok,Transfer,3,Delivered,No,No,4,Yes,Jul,7
LL10533,2025-12-22,C1114,Returning,Mini Handbag,Bags,2,20086.71,18.64,32683.83,25000,7683.83,Google,Cash,4,Delivered,No,No,4,Yes,Dec,12
LL10534,2025-06-13,C1056,New,Mini Handbag,Bags,1,22000.0,0.48,21895.44,12500,9395.44,Instagram,Transfer,2,Delivered,No,No,3,No,Jun,6
LL10535,2025-08-14,C1064,New,Premium Jumpsuit,Jumpsuits,1,49954.88,16.1,3837.47,34000,-5933.34,WhatsApp,Card,6,Returned,Yes,Yes,5,No,Aug,8
LL10536,2025-02-25,C1065,New,Statement Earrings,Accessories,1,9000.0,11.4,7973.91,3500,4473.91,Instagram,Card,3,Delivered,No,No,3,No,Feb,2
LL10537,2025-03-02,C1273,Returning,Knit Cardigan,Tops,1,24000.0,14.83,20440.15,14500,5940.15,Walk-in,Card,1,Delivered,No,No,3,Yes,Mar,3
LL10538,2025-03-29,C1201,New,Satin Dress,Dresses,1,35000.0,24.87,26294.81,21000,5294.81,TikTok,Transfer,4,Delivered,No,No,4,No,Mar,3
LL10539,2025-06-09,C1489,New,Classic Blazer,Outerwear,1,48000.0,0.0,48000.0,30000,18000.0,Instagram,Transfer,3,Delivered,No,No,5,No,Jun,6
LL10540,2025-11-27,C1414,New,Leather Tote,Bags,1,36348.19,13.72,31359.78,22500,8859.78,Walk-in,Transfer,4,Delivered,No,No,3,No,Nov,11
LL10541,2025-06-22,C1154,New,Premium Jumpsuit,Jumpsuits,1,52000.0,6.12,48819.79,34000,14819.79,TikTok,Transfer,1,Delivered,No,No,3,No,Jun,6
LL10542,2025-04-16,C1364,New,Premium Jumpsuit,Jumpsuits,1,52000.0,10.18,46705.92,34000,12705.92,Instagram,Transfer,1,Delivered,No,No,3,No,Apr,4
LL10543,2025-03-02,C1087,New,Linen Two-Piece,Two-Piece Sets,3,42000.0,6.75,0.0,81000,0.0,TikTok,Card,2,Cancelled,No,No,3,Yes,Mar,3
LL10544,2025-10-02,C1337,Returning,Leather Tote,Bags,1,35116.23,19.46,28284.36,22500,5784.36,WhatsApp,Transfer,5,Delivered,No,No,2,Yes,Oct,10
LL10545,2025-08-04,C1183,New,Silk Scarf,Accessories,1,11592.13,10.53,10371.19,5500,4871.19,WhatsApp,Card,1,Delivered,No,No,3,No,Aug,8
LL10546,2025-01-28,C1437,New,Mini Handbag,Bags,1,22000.0,13.14,19109.63,12500,6609.63,Instagram,Transfer,5,Delivered,No,No,5,No,Jan,1
LL10547,2025-01-01,C1131,New,Classic Blazer,Outerwear,1,48000.0,6.25,44999.64,30000,14999.64,WhatsApp,Transfer,1,Delivered,No,No,4,No,Jan,1
LL10548,2025-10-04,C1229,New,Mini Handbag,Bags,2,20607.22,26.84,30153.52,25000,5153.52,WhatsApp,Card,4,Delivered,No,No,3,No,Oct,10
LL10549,2025-10-05,C1334,Returning,Maxi Skirt,Skirts,1,25140.17,11.05,22362.93,15500,6862.93,WhatsApp,Card,2,Delivered,No,Yes,4,Yes,Oct,10
LL10550,2025-02-15,C1353,New,Premium Jumpsuit,Jumpsuits,1,52000.0,15.46,43961.31,34000,9961.31,WhatsApp,Transfer,2,Delivered,No,No,4,No,Feb,2
LL10551,2025-04-30,C1067,Returning,Silk Scarf,Accessories,1,12000.0,8.83,10940.95,5500,5440.95,WhatsApp,Cash,1,Delivered,No,No,4,Yes,Apr,4
LL10552,2025-05-12,C1418,Returning,Basic Bodysuit,Tops,1,15000.0,9.5,13574.28,9000,4574.28,WhatsApp,USSD,1,Delivered,No,No,3,Yes,May,5
LL10553,2025-06-22,C1248,New,Silk Scarf,Accessories,1,12000.0,0.0,12000.0,5500,6500.0,Referral,Cash,2,Delivered,No,No,4,Yes,Jun,6
LL10554,2025-05-21,C1386,New,Mini Handbag,Bags,1,22000.0,14.43,18825.51,12500,6325.51,Instagram,Card,4,Delivered,No,No,4,No,May,5
LL10555,2025-09-15,C1275,Returning,Premium Jumpsuit,Jumpsuits,2,49311.58,10.12,88639.55,68000,20639.55,Instagram,Card,4,Delivered,No,No,4,Yes,Sep,9
LL10556,2025-06-22,C1004,New,Premium Jumpsuit,Jumpsuits,2,52000.0,4.22,99614.12,68000,31614.12,Instagram,Card,1,Delivered,No,No,3,No,Jun,6
LL10557,2025-07-07,C1342,New,Wide-Leg Trousers,Trousers,2,25218.71,12.18,44296.17,34000,10296.17,Instagram,Card,5,Delivered,No,No,3,Yes,Jul,7
LL10558,2025-10-10,C1273,Returning,Statement Earrings,Accessories,1,8693.73,26.12,6423.25,3500,2923.25,WhatsApp,Card,5,Delivered,No,No,4,Yes,Oct,10
LL10559,2025-07-02,C1168,New,Linen Two-Piece,Two-Piece Sets,1,40052.05,22.32,31113.38,27000,4113.38,Instagram,Card,5,Delivered,No,No,3,No,Jul,7
LL10560,2025-05-24,C1076,Returning,Maxi Skirt,Skirts,1,26000.0,7.1,24153.16,15500,8653.16,Google,Card,4,Delivered,No,No,3,Yes,May,5
LL10561,2025-07-29,C1434,New,Maxi Skirt,Skirts,1,25445.88,30.46,17694.83,15500,2194.83,WhatsApp,Transfer,4,Delivered,No,No,4,No,Jul,7
LL10562,2025-04-08,C1183,New,Leather Tote,Bags,1,38000.0,7.93,34987.93,22500,12487.93,WhatsApp,Transfer,4,Delivered,No,No,3,No,Apr,4
LL10563,2025-02-28,C1193,Returning,Wide-Leg Trousers,Trousers,1,28000.0,11.63,24743.14,17000,7743.14,Google,Cash,2,Delivered,No,No,4,Yes,Feb,2
LL10564,2025-08-01,C1322,Returning,Mini Handbag,Bags,1,21154.8,18.16,17312.22,12500,4812.22,WhatsApp,Cash,8,Delivered,No,Yes,5,Yes,Aug,8
LL10565,2025-06-06,C1261,New,Silk Scarf,Accessories,1,12000.0,17.32,9921.29,5500,4421.29,WhatsApp,Transfer,6,Delivered,No,No,5,Yes,Jun,6
LL10566,2025-09-16,C1292,Returning,Satin Dress,Dresses,1,32660.4,25.34,0.0,21000,0.0,WhatsApp,Transfer,6,Cancelled,No,Yes,5,Yes,Sep,9
LL10567,2025-06-24,C1054,Returning,Classic Blazer,Outerwear,1,48000.0,6.6,44834.09,30000,14834.09,WhatsApp,Transfer,1,Delivered,No,No,3,Yes,Jun,6
LL10568,2025-05-04,C1019,New,Leather Tote,Bags,1,38000.0,10.79,33901.41,22500,11401.41,Walk-in,Transfer,6,Delivered,No,No,3,No,May,5
LL10569,2025-05-17,C1346,New,Leather Tote,Bags,1,38000.0,13.55,32851.43,22500,10351.43,WhatsApp,Transfer,8,Delivered,No,Yes,2,Yes,May,5
LL10570,2025-07-08,C1066,Returning,Wide-Leg Trousers,Trousers,1,26741.38,7.55,24721.83,17000,7721.83,Instagram,Card,6,Delivered,No,No,3,Yes,Jul,7
LL10571,2025-04-26,C1080,Returning,Statement Earrings,Accessories,2,9000.0,13.43,15583.42,7000,8583.42,Walk-in,Card,3,Delivered,No,No,3,Yes,Apr,4
LL10572,2025-01-22,C1321,New,Mini Handbag,Bags,1,22000.0,0.0,22000.0,12500,9500.0,Instagram,Transfer,3,Delivered,No,Yes,4,No,Jan,1
LL10573,2025-11-12,C1431,Returning,Silk Scarf,Accessories,1,11358.17,20.95,8978.21,5500,3478.21,WhatsApp,Transfer,4,Delivered,No,No,3,Yes,Nov,11
LL10574,2025-09-11,C1481,New,Statement Earrings,Accessories,1,8582.79,14.92,7302.12,3500,3802.12,TikTok,Transfer,7,Delivered,No,Yes,3,No,Sep,9
LL10575,2025-08-13,C1217,New,Mini Handbag,Bags,1,19923.85,26.96,14551.6,12500,2051.6,WhatsApp,USSD,7,Delivered,No,Yes,4,No,Aug,8
LL10576,2025-09-24,C1317,New,Wide-Leg Trousers,Trousers,1,25649.05,18.91,20799.33,17000,3799.33,TikTok,Transfer,9,Delivered,No,Yes,2,No,Sep,9
LL10577,2025-11-14,C1291,New,Classic Blazer,Outerwear,2,44077.33,19.96,70560.42,60000,10560.42,Google,Transfer,3,Delivered,No,No,4,No,Nov,11
LL10578,2025-06-14,C1194,New,Silk Scarf,Accessories,1,12000.0,7.5,0.0,5500,0.0,Instagram,Transfer,2,Cancelled,No,No,3,Yes,Jun,6
LL10579,2025-02-10,C1296,Returning,Linen Two-Piece,Two-Piece Sets,1,42000.0,2.66,40884.76,27000,13884.76,TikTok,Cash,2,Delivered,No,No,5,Yes,Feb,2
LL10580,2025-07-26,C1107,Returning,Mini Handbag,Bags,1,20064.87,17.78,16497.49,12500,3997.49,WhatsApp,Cash,4,Delivered,No,No,2,Yes,Jul,7
LL10581,2025-01-21,C1308,New,Satin Dress,Dresses,2,35000.0,11.38,62036.69,42000,20036.69,Instagram,USSD,1,Delivered,No,No,4,No,Jan,1
LL10582,2025-07-14,C1015,New,Satin Dress,Dresses,1,33653.14,22.89,25948.84,21000,4948.84,TikTok,Card,3,Delivered,No,Yes,4,No,Jul,7
LL10583,2025-03-22,C1036,Returning,Linen Two-Piece,Two-Piece Sets,1,42000.0,11.86,37020.05,27000,10020.05,Google,Cash,4,Delivered,No,No,4,Yes,Mar,3
LL10584,2025-01-29,C1445,New,Statement Earrings,Accessories,1,9000.0,4.72,8575.3,3500,5075.3,WhatsApp,USSD,2,Delivered,No,No,3,No,Jan,1
LL10585,2025-06-06,C1258,Returning,Silk Scarf,Accessories,2,12000.0,11.15,21323.41,11000,10323.41,Google,USSD,2,Delivered,No,No,4,Yes,Jun,6
LL10586,2025-01-24,C1244,Returning,Knit Cardigan,Tops,1,24000.0,17.3,19848.4,14500,5348.4,Instagram,Transfer,4,Delivered,No,No,4,Yes,Jan,1
LL10587,2025-09-08,C1122,Returning,Satin Dress,Dresses,1,33485.71,23.57,25594.04,21000,4594.04,Instagram,Transfer,5,Delivered,No,No,4,Yes,Sep,9
LL10588,2025-06-12,C1061,Returning,Basic Bodysuit,Tops,1,15000.0,18.33,12251.23,9000,3251.23,Google,Card,4,Delivered,No,No,4,Yes,Jun,6
LL10589,2025-07-31,C1153,Returning,Premium Jumpsuit,Jumpsuits,1,50215.69,16.96,5411.2,34000,-7432.65,Instagram,Card,3,Returned,Yes,Yes,1,Yes,Jul,7
LL10590,2025-07-19,C1450,Returning,Leather Tote,Bags,1,36918.04,20.77,29248.78,22500,6748.78,WhatsApp,Cash,4,Delivered,No,No,5,Yes,Jul,7
LL10591,2025-03-02,C1125,New,Leather Tote,Bags,1,38000.0,10.76,33912.66,22500,11412.66,Referral,Cash,2,Delivered,No,No,4,Yes,Mar,3
LL10592,2025-07-11,C1250,New,Classic Blazer,Outerwear,1,43586.89,24.79,32782.09,30000,2782.09,Referral,Transfer,4,Delivered,No,No,4,No,Jul,7
LL10593,2025-11-22,C1136,New,Basic Bodysuit,Tops,1,14020.16,27.28,0.0,9000,0.0,TikTok,USSD,4,Cancelled,No,No,3,No,Nov,11
LL10594,2025-03-16,C1290,Returning,Linen Two-Piece,Two-Piece Sets,1,42000.0,12.82,36615.77,27000,9615.77,Google,Transfer,5,Delivered,No,No,5,Yes,Mar,3
LL10595,2025-01-17,C1444,New,Wide-Leg Trousers,Trousers,1,28000.0,9.37,25377.18,17000,8377.18,TikTok,Cash,4,Delivered,No,No,4,No,Jan,1
LL10596,2025-12-10,C1477,Returning,Premium Jumpsuit,Jumpsuits,1,48633.54,10.49,43530.74,34000,9530.74,WhatsApp,Cash,2,Delivered,No,No,4,Yes,Dec,12
LL10597,2025-01-14,C1016,Returning,Premium Jumpsuit,Jumpsuits,1,52000.0,5.15,49323.0,34000,15323.0,Referral,Transfer,6,Delivered,No,No,3,Yes,Jan,1
LL10598,2025-04-15,C1324,New,Maxi Skirt,Skirts,2,26000.0,11.48,46028.97,31000,15028.97,Google,Transfer,4,Delivered,No,No,5,Yes,Apr,4
LL10599,2025-11-20,C1253,Returning,Leather Tote,Bags,1,35424.44,22.89,27314.44,22500,4814.44,Instagram,Card,4,Delivered,No,No,3,Yes,Nov,11
LL10600,2025-07-06,C1307,Returning,Wide-Leg Trousers,Trousers,1,27312.37,24.21,20700.64,17000,3700.64,Referral,Transfer,3,Delivered,No,No,5,Yes,Jul,7
LL10601,2025-08-14,C1473,New,Basic Bodysuit,Tops,1,13788.37,30.67,9560.17,9000,560.17,WhatsApp,USSD,7,Delivered,No,Yes,3,Yes,Aug,8
LL10602,2025-04-03,C1373,New,Knit Cardigan,Tops,1,24000.0,13.61,20734.53,14500,6234.53,Instagram,USSD,1,Delivered,No,No,4,No,Apr,4
LL10603,2025-08-29,C1374,New,Statement Earrings,Accessories,1,8592.19,26.63,6304.29,3500,2804.29,Instagram,USSD,6,Delivered,No,No,4,No,Aug,8
LL10604,2025-12-25,C1266,Returning,Silk Scarf,Accessories,2,10815.2,17.54,17836.04,11000,6836.04,WhatsApp,Transfer,10,Delivered,No,Yes,3,Yes,Dec,12
LL10605,2025-10-25,C1317,Returning,Leather Tote,Bags,1,34711.51,15.51,29329.02,22500,6829.02,WhatsApp,USSD,3,Delivered,No,Yes,4,Yes,Oct,10
LL10606,2025-09-10,C1093,New,Mini Handbag,Bags,1,21195.16,8.23,3576.79,12500,-1457.38,WhatsApp,Transfer,6,Returned,Yes,Yes,4,Yes,Sep,9
LL10607,2025-10-18,C1180,Returning,Knit Cardigan,Tops,2,22083.48,11.66,39018.63,29000,10018.63,Walk-in,Card,8,Delivered,No,Yes,3,Yes,Oct,10
LL10608,2025-06-25,C1415,Returning,Premium Jumpsuit,Jumpsuits,1,52000.0,6.52,7492.26,34000,-5704.76,TikTok,Card,1,Returned,Yes,Yes,4,Yes,Jun,6
LL10609,2025-06-25,C1330,New,Satin Dress,Dresses,1,35000.0,13.26,30359.28,21000,9359.28,Walk-in,Cash,3,Delivered,No,No,4,Yes,Jun,6
LL10610,2025-09-12,C1085,Returning,Linen Two-Piece,Two-Piece Sets,2,38113.48,17.79,6144.33,54000,-8248.0,WhatsApp,Cash,3,Returned,Yes,Yes,3,Yes,Sep,9
LL10611,2025-01-05,C1460,Returning,Leather Tote,Bags,1,38000.0,7.42,0.0,22500,0.0,WhatsApp,Card,1,Cancelled,No,No,3,Yes,Jan,1
LL10612,2025-11-07,C1089,Returning,Knit Cardigan,Tops,1,21802.36,13.91,18769.54,14500,4269.54,Instagram,Transfer,8,Delivered,No,Yes,3,Yes,Nov,11
LL10613,2025-06-01,C1492,New,Statement Earrings,Accessories,1,9000.0,18.31,7351.85,3500,3851.85,Google,Card,2,Delivered,No,No,2,No,Jun,6
LL10614,2025-04-17,C1304,New,Maxi Skirt,Skirts,1,26000.0,4.55,24816.8,15500,9316.8,Instagram,Cash,4,Delivered,No,No,4,No,Apr,4
LL10615,2025-08-23,C1041,Returning,Leather Tote,Bags,1,36103.57,15.95,30344.6,22500,7844.6,Referral,Card,6,Delivered,No,No,4,Yes,Aug,8
LL10616,2025-10-13,C1185,Returning,Classic Blazer,Outerwear,1,44328.05,14.36,37962.28,30000,7962.28,Instagram,Card,4,Delivered,No,No,3,Yes,Oct,10
LL10617,2025-06-26,C1222,New,Leather Tote,Bags,1,38000.0,5.95,35738.48,22500,13238.48,Instagram,USSD,3,Delivered,No,No,3,No,Jun,6
LL10618,2025-07-10,C1325,Returning,Premium Jumpsuit,Jumpsuits,2,50320.56,28.98,0.0,68000,0.0,TikTok,Cash,4,Cancelled,Yes,Yes,4,Yes,Jul,7
LL10619,2025-10-27,C1303,Returning,Maxi Skirt,Skirts,2,23711.71,19.87,0.0,31000,0.0,WhatsApp,Transfer,7,Cancelled,No,Yes,3,Yes,Oct,10
LL10620,2025-02-20,C1379,Returning,Satin Dress,Dresses,1,35000.0,11.19,31084.23,21000,10084.23,Referral,Transfer,3,Delivered,No,No,3,Yes,Feb,2
LL10621,2025-09-12,C1475,Returning,Maxi Skirt,Skirts,1,23773.69,20.99,18784.7,15500,3284.7,WhatsApp,Card,2,Delivered,No,No,3,Yes,Sep,9
LL10622,2025-08-31,C1055,Returning,Statement Earrings,Accessories,1,8562.84,19.69,6876.92,3500,3376.92,TikTok,USSD,5,Delivered,No,No,4,Yes,Aug,8
LL10623,2025-07-06,C1245,New,Silk Scarf,Accessories,3,10891.75,22.55,25308.46,16500,8808.46,Instagram,Transfer,2,Delivered,No,No,4,No,Jul,7
LL10624,2025-10-30,C1029,New,Knit Cardigan,Tops,2,23389.7,28.07,33650.07,29000,4650.07,Referral,Cash,5,Delivered,No,No,3,Yes,Oct,10
LL10625,2025-09-02,C1477,Returning,Satin Dress,Dresses,1,32688.58,16.75,27213.76,21000,6213.76,TikTok,Transfer,5,Delivered,No,No,4,Yes,Sep,9
LL10626,2025-12-07,C1051,Returning,Statement Earrings,Accessories,2,8134.85,20.33,12961.71,7000,5961.71,Instagram,Transfer,1,Delivered,No,No,4,Yes,Dec,12
LL10627,2025-04-29,C1469,Returning,Silk Scarf,Accessories,1,12000.0,7.93,11048.05,5500,5548.05,Referral,Card,3,Delivered,No,Yes,5,Yes,Apr,4
LL10628,2025-07-04,C1042,New,Wide-Leg Trousers,Trousers,2,26844.4,19.42,43260.41,34000,9260.41,WhatsApp,Cash,1,Delivered,No,No,4,Yes,Jul,7
LL10629,2025-08-28,C1143,Returning,Maxi Skirt,Skirts,1,24813.47,12.78,21643.34,15500,6143.34,Instagram,Card,8,Delivered,No,Yes,4,Yes,Aug,8
LL10630,2025-12-29,C1043,Returning,Premium Jumpsuit,Jumpsuits,1,48108.66,19.66,38650.69,34000,4650.69,Instagram,USSD,2,Delivered,No,No,4,Yes,Dec,12
LL10631,2025-07-17,C1299,New,Knit Cardigan,Tops,1,23075.37,15.47,19505.83,14500,5005.83,Google,Transfer,4,Delivered,No,No,4,No,Jul,7
LL10632,2025-07-30,C1412,New,Wide-Leg Trousers,Trousers,1,26668.22,26.0,0.0,17000,0.0,Instagram,USSD,4,Cancelled,No,No,3,No,Jul,7
LL10633,2025-01-30,C1266,Returning,Basic Bodysuit,Tops,1,15000.0,23.39,11491.66,9000,2491.66,WhatsApp,Cash,1,Delivered,No,No,4,Yes,Jan,1
LL10634,2025-03-13,C1486,Returning,Maxi Skirt,Skirts,1,26000.0,8.16,23878.98,15500,8378.98,WhatsApp,Transfer,3,Delivered,No,No,4,Yes,Mar,3
LL10635,2025-04-06,C1477,New,Premium Jumpsuit,Jumpsuits,1,52000.0,14.88,44261.28,34000,10261.28,Instagram,Transfer,1,Delivered,No,No,4,No,Apr,4
LL10636,2025-04-21,C1090,Returning,Mini Handbag,Bags,1,22000.0,17.0,18260.85,12500,5760.85,WhatsApp,Card,4,Delivered,No,No,4,Yes,Apr,4
LL10637,2025-02-13,C1371,Returning,Knit Cardigan,Tops,1,24000.0,0.9,23784.48,14500,9284.48,WhatsApp,Transfer,5,Delivered,No,No,3,Yes,Feb,2
LL10638,2025-08-31,C1264,Returning,Classic Blazer,Outerwear,1,43881.53,17.56,36176.49,30000,6176.49,Instagram,Cash,2,Delivered,No,No,4,Yes,Aug,8
LL10639,2025-06-05,C1337,New,Mini Handbag,Bags,1,22000.0,18.02,18036.45,12500,5536.45,WhatsApp,Transfer,1,Delivered,No,Yes,3,No,Jun,6
LL10640,2025-11-28,C1227,New,Basic Bodysuit,Tops,2,13887.57,22.15,0.0,18000,0.0,Instagram,Transfer,8,Cancelled,No,Yes,3,No,Nov,11
LL10641,2025-08-14,C1364,New,Premium Jumpsuit,Jumpsuits,2,47065.68,20.59,74748.11,68000,6748.11,Instagram,Transfer,6,Delivered,No,No,4,No,Aug,8
LL10642,2025-06-21,C1012,Returning,Satin Dress,Dresses,1,35000.0,19.7,28106.55,21000,7106.55,TikTok,Transfer,4,Delivered,No,No,3,Yes,Jun,6
LL10643,2025-03-12,C1078,New,Basic Bodysuit,Tops,1,15000.0,14.03,12895.67,9000,3895.67,Instagram,Transfer,1,Delivered,No,Yes,5,No,Mar,3
LL10644,2025-09-06,C1175,Returning,Knit Cardigan,Tops,1,22082.75,21.07,17429.56,14500,2929.56,Instagram,USSD,4,Delivered,No,No,4,Yes,Sep,9
LL10645,2025-02-16,C1222,Returning,Knit Cardigan,Tops,1,24000.0,5.78,22613.77,14500,8113.77,Instagram,Transfer,1,Delivered,No,No,4,Yes,Feb,2
LL10646,2025-12-08,C1012,Returning,Leather Tote,Bags,1,37160.02,24.05,28222.34,22500,5722.34,Instagram,Cash,3,Delivered,No,No,3,Yes,Dec,12
LL10647,2025-01-19,C1303,New,Mini Handbag,Bags,1,22000.0,9.42,19926.69,12500,7426.69,TikTok,USSD,2,Delivered,No,No,1,No,Jan,1
LL10648,2025-08-09,C1211,Returning,Leather Tote,Bags,1,37215.73,18.38,3960.85,22500,-2038.82,WhatsApp,Cash,7,Returned,Yes,Yes,2,Yes,Aug,8
LL10649,2025-06-04,C1078,New,Satin Dress,Dresses,2,35000.0,12.48,61264.73,42000,19264.73,TikTok,Card,2,Delivered,No,No,4,No,Jun,6
LL10650,2025-11-13,C1198,Returning,Mini Handbag,Bags,1,20522.83,12.72,0.0,12500,0.0,Referral,Card,9,Cancelled,No,Yes,3,Yes,Nov,11
LL10651,2025-04-26,C1141,Returning,Basic Bodysuit,Tops,3,15000.0,15.26,38133.16,27000,11133.16,WhatsApp,Transfer,1,Delivered,No,No,4,Yes,Apr,4
LL10652,2025-04-29,C1421,New,Knit Cardigan,Tops,1,24000.0,14.01,20637.97,14500,6137.97,TikTok,Transfer,4,Delivered,No,No,4,No,Apr,4
LL10653,2025-01-28,C1381,Returning,Linen Two-Piece,Two-Piece Sets,1,42000.0,8.62,0.0,27000,0.0,Instagram,Card,1,Cancelled,No,No,4,Yes,Jan,1
LL10654,2025-08-18,C1390,Returning,Wide-Leg Trousers,Trousers,1,25810.33,22.81,19922.55,17000,2922.55,Google,USSD,4,Delivered,No,No,4,Yes,Aug,8
LL10655,2025-03-28,C1021,Returning,Basic Bodysuit,Tops,1,15000.0,12.74,13088.67,9000,4088.67,TikTok,Card,1,Delivered,No,No,4,Yes,Mar,3
LL10656,2025-11-07,C1360,New,Leather Tote,Bags,1,34454.76,12.37,30191.81,22500,7691.81,WhatsApp,Card,4,Delivered,No,Yes,5,No,Nov,11
LL10657,2025-09-29,C1166,Returning,Premium Jumpsuit,Jumpsuits,1,50877.02,12.22,44662.24,34000,10662.24,TikTok,Transfer,5,Delivered,No,No,3,Yes,Sep,9
LL10658,2025-07-08,C1008,New,Linen Two-Piece,Two-Piece Sets,2,41040.33,19.21,66309.04,54000,12309.04,Instagram,Transfer,3,Delivered,No,No,4,No,Jul,7
LL10659,2025-11-14,C1349,New,Linen Two-Piece,Two-Piece Sets,1,39966.89,8.45,36587.8,27000,9587.8,Google,Card,6,Delivered,No,No,4,No,Nov,11
LL10660,2025-05-05,C1113,Returning,Silk Scarf,Accessories,1,12000.0,9.86,10816.43,5500,5316.43,TikTok,Card,4,Delivered,No,No,5,Yes,May,5
LL10661,2025-04-10,C1252,Returning,Silk Scarf,Accessories,2,12000.0,3.08,23261.96,11000,12261.96,Referral,Card,1,Delivered,No,No,4,Yes,Apr,4
LL10662,2025-09-30,C1419,New,Classic Blazer,Outerwear,1,45345.52,22.46,0.0,30000,0.0,WhatsApp,Transfer,6,Cancelled,No,No,2,No,Sep,9
LL10663,2025-07-26,C1034,Returning,Satin Dress,Dresses,1,33629.9,17.31,27807.5,21000,6807.5,Walk-in,Card,4,Delivered,No,No,4,Yes,Jul,7
LL10664,2025-12-16,C1110,New,Premium Jumpsuit,Jumpsuits,1,50425.63,24.68,37982.38,34000,3982.38,WhatsApp,Transfer,1,Delivered,No,No,4,No,Dec,12
LL10665,2025-06-27,C1436,Returning,Leather Tote,Bags,1,38000.0,8.1,34920.79,22500,12420.79,TikTok,Card,3,Delivered,No,No,4,Yes,Jun,6
LL10666,2025-10-01,C1194,New,Basic Bodysuit,Tops,1,13976.67,17.58,0.0,9000,0.0,WhatsApp,USSD,7,Cancelled,No,Yes,3,No,Oct,10
LL10667,2025-04-29,C1143,Returning,Linen Two-Piece,Two-Piece Sets,1,42000.0,10.63,37536.16,27000,10536.16,WhatsApp,USSD,3,Delivered,No,No,4,Yes,Apr,4
LL10668,2025-05-21,C1108,New,Basic Bodysuit,Tops,2,15000.0,12.9,26131.44,18000,8131.44,Instagram,Card,3,Delivered,No,No,3,Yes,May,5
LL10669,2025-12-19,C1377,Returning,Leather Tote,Bags,2,35201.23,7.83,64892.36,45000,19892.36,Instagram,Transfer,4,Delivered,No,No,3,Yes,Dec,12
LL10670,2025-11-06,C1394,Returning,Mini Handbag,Bags,2,20308.53,17.42,33541.56,25000,8541.56,Instagram,USSD,7,Delivered,No,Yes,2,Yes,Nov,11
LL10671,2025-10-25,C1151,New,Linen Two-Piece,Two-Piece Sets,1,40166.63,16.55,33519.04,27000,6519.04,Google,Transfer,1,Delivered,No,No,5,No,Oct,10
LL10672,2025-10-30,C1258,New,Satin Dress,Dresses,2,34190.53,17.22,56604.25,42000,14604.25,Google,Card,8,Delivered,No,Yes,4,No,Oct,10
LL10673,2025-07-07,C1407,Returning,Premium Jumpsuit,Jumpsuits,1,48143.27,19.41,38800.51,34000,4800.51,WhatsApp,Card,7,Delivered,No,Yes,3,Yes,Jul,7
LL10674,2025-06-01,C1102,New,Basic Bodysuit,Tops,1,15000.0,17.82,12327.16,9000,3327.16,Google,Cash,4,Delivered,No,No,3,No,Jun,6
LL10675,2025-02-16,C1261,New,Knit Cardigan,Tops,1,24000.0,14.04,20629.6,14500,6129.6,Referral,Transfer,2,Delivered,No,No,3,Yes,Feb,2
LL10676,2025-05-15,C1494,Returning,Knit Cardigan,Tops,2,24000.0,6.13,0.0,29000,0.0,WhatsApp,Card,7,Cancelled,No,Yes,4,Yes,May,5
LL10677,2025-01-03,C1193,New,Basic Bodysuit,Tops,1,15000.0,16.68,2884.44,9000,-1915.58,Referral,Cash,1,Returned,Yes,Yes,3,Yes,Jan,1
LL10678,2025-05-20,C1318,Returning,Classic Blazer,Outerwear,1,48000.0,12.01,42237.1,30000,12237.1,TikTok,Cash,1,Delivered,No,No,4,Yes,May,5
LL10679,2025-08-15,C1460,New,Premium Jumpsuit,Jumpsuits,1,49033.37,16.38,41003.9,34000,7003.9,Google,Cash,4,Delivered,No,No,3,No,Aug,8
LL10680,2025-05-27,C1427,New,Leather Tote,Bags,1,38000.0,11.18,33751.33,22500,11251.33,Instagram,Transfer,3,Delivered,No,No,4,Yes,May,5
LL10681,2025-10-03,C1395,New,Maxi Skirt,Skirts,1,24853.16,12.56,21730.69,15500,6230.69,Referral,Card,7,Delivered,No,Yes,2,Yes,Oct,10
LL10682,2025-08-20,C1316,Returning,Knit Cardigan,Tops,1,23149.81,16.85,19248.76,14500,4748.76,Referral,Transfer,6,Delivered,No,No,3,Yes,Aug,8
LL10683,2025-05-08,C1211,New,Mini Handbag,Bags,1,22000.0,9.53,19902.33,12500,7402.33,WhatsApp,Cash,3,Delivered,No,No,4,No,May,5
LL10684,2025-11-22,C1336,New,Leather Tote,Bags,2,36680.09,18.61,59708.74,45000,14708.74,Walk-in,Cash,7,Delivered,No,Yes,4,No,Nov,11
LL10685,2025-06-23,C1255,New,Mini Handbag,Bags,1,22000.0,19.68,0.0,12500,0.0,Instagram,Card,2,Cancelled,No,No,3,Yes,Jun,6
LL10686,2025-07-09,C1096,Returning,Linen Two-Piece,Two-Piece Sets,1,38353.51,11.83,33818.1,27000,6818.1,TikTok,Transfer,7,Delivered,No,Yes,2,Yes,Jul,7
LL10687,2025-06-30,C1235,Returning,Satin Dress,Dresses,1,35000.0,14.24,30016.11,21000,9016.11,WhatsApp,Card,4,Delivered,No,No,3,Yes,Jun,6
LL10688,2025-02-12,C1347,Returning,Basic Bodysuit,Tops,1,15000.0,7.45,13883.2,9000,4883.2,Referral,Transfer,6,Delivered,No,No,4,Yes,Feb,2
LL10689,2025-05-17,C1131,New,Maxi Skirt,Skirts,1,26000.0,14.71,22175.38,15500,6675.38,TikTok,Transfer,3,Delivered,No,No,4,No,May,5
LL10690,2025-07-06,C1364,New,Premium Jumpsuit,Jumpsuits,1,48963.54,12.79,42701.47,34000,8701.47,Google,Transfer,3,Delivered,No,No,3,No,Jul,7
LL10691,2025-04-06,C1476,Returning,Statement Earrings,Accessories,1,9000.0,9.81,0.0,3500,0.0,WhatsApp,USSD,5,Cancelled,No,No,3,Yes,Apr,4
LL10692,2025-01-07,C1200,Returning,Premium Jumpsuit,Jumpsuits,1,52000.0,10.64,46467.89,34000,12467.89,Instagram,Card,2,Delivered,No,No,4,Yes,Jan,1
LL10693,2025-01-04,C1088,New,Classic Blazer,Outerwear,1,48000.0,4.33,45922.01,30000,15922.01,TikTok,Transfer,5,Delivered,No,No,4,No,Jan,1
LL10694,2025-01-20,C1369,New,Silk Scarf,Accessories,1,12000.0,2.89,11653.73,5500,6153.73,Instagram,Card,3,Delivered,No,No,3,No,Jan,1
LL10695,2025-11-01,C1269,Returning,Mini Handbag,Bags,1,21427.41,14.6,18299.84,12500,5799.84,TikTok,Card,5,Delivered,No,No,3,Yes,Nov,11
LL10696,2025-10-31,C1112,New,Linen Two-Piece,Two-Piece Sets,1,38033.55,20.54,30222.77,27000,3222.77,Walk-in,Transfer,7,Delivered,No,Yes,4,No,Oct,10
LL10697,2025-09-21,C1168,New,Maxi Skirt,Skirts,1,25116.4,14.97,21356.21,15500,5856.21,TikTok,USSD,4,Delivered,No,No,3,No,Sep,9
LL10698,2025-01-30,C1115,Returning,Mini Handbag,Bags,1,22000.0,0.0,22000.0,12500,9500.0,TikTok,Card,4,Delivered,No,No,4,Yes,Jan,1
LL10699,2025-07-27,C1263,Returning,Basic Bodysuit,Tops,1,13692.24,30.38,9532.38,9000,532.38,Instagram,Cash,3,Delivered,No,Yes,4,Yes,Jul,7
LL10700,2025-12-22,C1276,New,Mini Handbag,Bags,1,21264.3,3.86,3252.23,12500,-3076.04,WhatsApp,Card,9,Returned,Yes,Yes,2,No,Dec,12
LL10701,2025-01-07,C1078,Returning,Leather Tote,Bags,2,38000.0,6.72,70894.58,45000,25894.58,Instagram,Transfer,3,Delivered,No,No,3,Yes,Jan,1
LL10702,2025-04-26,C1490,New,Silk Scarf,Accessories,2,12000.0,14.27,20575.21,11000,9575.21,TikTok,Transfer,3,Delivered,No,No,4,No,Apr,4
LL10703,2025-06-29,C1493,New,Maxi Skirt,Skirts,1,26000.0,2.57,25330.74,15500,9830.74,Referral,Transfer,1,Delivered,No,No,3,Yes,Jun,6
LL10704,2025-07-10,C1389,New,Leather Tote,Bags,1,36713.79,7.4,33997.13,22500,11497.13,Instagram,Card,2,Delivered,No,No,3,No,Jul,7
LL10705,2025-04-16,C1133,Returning,Premium Jumpsuit,Jumpsuits,1,52000.0,11.71,45910.52,34000,11910.52,TikTok,Card,6,Delivered,No,No,3,Yes,Apr,4
LL10706,2025-09-15,C1065,New,Leather Tote,Bags,1,36382.53,16.93,30222.23,22500,7722.23,Referral,Transfer,3,Delivered,No,No,3,No,Sep,9
LL10707,2025-03-01,C1088,New,Wide-Leg Trousers,Trousers,1,28000.0,15.88,23552.85,17000,6552.85,Instagram,Cash,2,Delivered,No,No,2,No,Mar,3
LL10708,2025-05-21,C1076,New,Silk Scarf,Accessories,2,12000.0,9.85,4799.89,11000,-885.66,Instagram,Card,5,Returned,Yes,Yes,3,No,May,5
LL10709,2025-09-02,C1284,New,Maxi Skirt,Skirts,1,23796.15,19.98,19041.24,15500,3541.24,TikTok,Transfer,5,Delivered,No,No,4,No,Sep,9
LL10710,2025-11-20,C1173,Returning,Mini Handbag,Bags,1,20318.96,9.53,18382.06,12500,5882.06,Google,Transfer,7,Delivered,No,Yes,3,Yes,Nov,11
LL10711,2025-10-23,C1202,New,Silk Scarf,Accessories,2,11309.52,25.53,16845.46,11000,5845.46,WhatsApp,Transfer,3,Delivered,No,No,4,No,Oct,10
LL10712,2025-08-22,C1437,New,Premium Jumpsuit,Jumpsuits,2,47925.06,10.31,0.0,68000,0.0,TikTok,Cash,7,Cancelled,Yes,Yes,1,No,Aug,8
LL10713,2025-12-05,C1454,Returning,Maxi Skirt,Skirts,1,25371.95,16.32,21230.97,15500,5730.97,Instagram,Card,2,Delivered,No,Yes,4,Yes,Dec,12
LL10714,2025-01-13,C1003,New,Linen Two-Piece,Two-Piece Sets,1,42000.0,7.24,38960.4,27000,11960.4,Instagram,Transfer,2,Delivered,No,No,4,No,Jan,1
LL10715,2025-06-28,C1040,New,Classic Blazer,Outerwear,2,48000.0,16.86,79813.1,60000,19813.1,Instagram,Card,3,Delivered,No,No,4,No,Jun,6
LL10716,2025-03-02,C1494,New,Basic Bodysuit,Tops,1,15000.0,14.79,12780.94,9000,3780.94,TikTok,Transfer,2,Delivered,No,No,4,No,Mar,3
LL10717,2025-08-25,C1285,Returning,Mini Handbag,Bags,1,20776.27,14.44,17775.18,12500,5275.18,WhatsApp,Transfer,4,Delivered,No,No,4,Yes,Aug,8
LL10718,2025-10-02,C1018,Returning,Maxi Skirt,Skirts,1,24048.5,15.55,20307.82,15500,4807.82,WhatsApp,Transfer,2,Delivered,No,No,4,Yes,Oct,10
LL10719,2025-07-24,C1361,Returning,Mini Handbag,Bags,2,20812.37,11.3,0.0,25000,0.0,Walk-in,Transfer,7,Cancelled,Yes,Yes,3,Yes,Jul,7
LL10720,2025-11-27,C1267,Returning,Leather Tote,Bags,2,35011.9,22.26,54436.85,45000,9436.85,TikTok,Cash,3,Delivered,No,No,3,Yes,Nov,11
LL10721,2025-04-13,C1124,New,Maxi Skirt,Skirts,1,26000.0,9.6,0.0,15500,0.0,Instagram,Card,2,Cancelled,No,Yes,4,No,Apr,4
LL10722,2025-02-01,C1045,New,Wide-Leg Trousers,Trousers,1,28000.0,9.29,25397.6,17000,8397.6,Walk-in,Card,4,Delivered,No,No,4,No,Feb,2
LL10723,2025-07-15,C1281,Returning,Silk Scarf,Accessories,1,11049.17,20.9,8740.18,5500,3240.18,WhatsApp,Transfer,2,Delivered,No,No,3,Yes,Jul,7
LL10724,2025-03-20,C1096,Returning,Mini Handbag,Bags,1,22000.0,10.07,19785.07,12500,7285.07,Instagram,Card,2,Delivered,No,No,5,Yes,Mar,3
LL10725,2025-02-25,C1079,Returning,Satin Dress,Dresses,1,35000.0,18.79,28422.08,21000,7422.08,Instagram,Cash,3,Delivered,No,No,3,Yes,Feb,2
LL10726,2025-04-16,C1063,New,Satin Dress,Dresses,2,35000.0,21.78,54753.56,42000,12753.56,Instagram,Card,3,Delivered,No,No,4,No,Apr,4
LL10727,2025-05-10,C1456,New,Silk Scarf,Accessories,1,12000.0,10.97,0.0,5500,0.0,Walk-in,Cash,2,Cancelled,No,No,3,No,May,5
LL10728,2025-03-24,C1422,New,Linen Two-Piece,Two-Piece Sets,1,42000.0,5.82,39554.36,27000,12554.36,WhatsApp,Transfer,4,Delivered,No,No,4,No,Mar,3
LL10729,2025-10-23,C1179,Returning,Premium Jumpsuit,Jumpsuits,1,47696.35,13.87,41080.55,34000,7080.55,Instagram,USSD,3,Delivered,No,No,4,Yes,Oct,10
LL10730,2025-10-09,C1028,Returning,Wide-Leg Trousers,Trousers,1,26260.8,20.26,20941.59,17000,3941.59,TikTok,USSD,5,Delivered,No,No,4,Yes,Oct,10
LL10731,2025-02-25,C1279,Returning,Leather Tote,Bags,1,38000.0,9.09,34546.07,22500,12046.07,Instagram,USSD,6,Delivered,No,No,3,Yes,Feb,2
LL10732,2025-12-19,C1253,Returning,Maxi Skirt,Skirts,1,24325.64,18.17,2877.38,15500,-1111.68,Walk-in,Cash,4,Returned,Yes,Yes,3,Yes,Dec,12
LL10733,2025-02-14,C1080,Returning,Satin Dress,Dresses,1,35000.0,14.25,30014.17,21000,9014.17,Google,Card,1,Delivered,No,No,4,Yes,Feb,2
LL10734,2025-07-31,C1075,Returning,Silk Scarf,Accessories,1,11024.67,15.16,9352.86,5500,3852.86,WhatsApp,Card,10,Delivered,No,Yes,2,Yes,Jul,7
LL10735,2025-11-13,C1430,New,Maxi Skirt,Skirts,2,24960.19,24.12,37879.69,31000,6879.69,Google,Card,5,Delivered,No,No,4,No,Nov,11
LL10736,2025-07-01,C1423,Returning,Leather Tote,Bags,1,35187.39,12.98,30621.66,22500,8121.66,TikTok,Transfer,4,Delivered,No,No,5,Yes,Jul,7
LL10737,2025-09-30,C1465,New,Basic Bodysuit,Tops,1,13948.37,22.34,10832.29,9000,1832.29,TikTok,Transfer,6,Delivered,No,No,4,No,Sep,9
LL10738,2025-02-17,C1057,Returning,Wide-Leg Trousers,Trousers,1,28000.0,8.61,25589.72,17000,8589.72,WhatsApp,Transfer,1,Delivered,No,No,5,Yes,Feb,2
LL10739,2025-05-16,C1231,Returning,Statement Earrings,Accessories,1,9000.0,4.72,8575.01,3500,5075.01,Instagram,Transfer,4,Delivered,No,No,3,Yes,May,5
LL10740,2025-07-31,C1286,Returning,Leather Tote,Bags,2,34627.94,12.94,0.0,45000,0.0,Instagram,Card,6,Cancelled,No,No,5,Yes,Jul,7
LL10741,2025-01-04,C1121,Returning,Wide-Leg Trousers,Trousers,1,28000.0,8.39,25650.12,17000,8650.12,Instagram,Transfer,6,Delivered,No,No,5,Yes,Jan,1
LL10742,2025-07-02,C1309,Returning,Maxi Skirt,Skirts,1,24759.97,19.41,19954.74,15500,4454.74,WhatsApp,Cash,6,Delivered,No,No,4,Yes,Jul,7
LL10743,2025-01-14,C1132,Returning,Silk Scarf,Accessories,1,12000.0,21.27,1921.44,5500,-1065.89,Instagram,USSD,3,Returned,Yes,Yes,3,Yes,Jan,1
LL10744,2025-03-22,C1274,New,Satin Dress,Dresses,1,35000.0,14.76,29833.73,21000,8833.73,TikTok,Transfer,3,Delivered,No,No,4,No,Mar,3
LL10745,2025-12-03,C1210,Returning,Linen Two-Piece,Two-Piece Sets,1,39421.22,5.11,37405.5,27000,10405.5,TikTok,Card,4,Delivered,No,No,3,Yes,Dec,12
LL10746,2025-01-15,C1379,Returning,Linen Two-Piece,Two-Piece Sets,1,42000.0,12.27,7137.44,27000,-6159.6,Instagram,Card,3,Returned,Yes,Yes,3,Yes,Jan,1
LL10747,2025-08-27,C1013,New,Linen Two-Piece,Two-Piece Sets,1,41138.17,19.59,0.0,27000,0.0,Instagram,Card,6,Cancelled,No,Yes,4,No,Aug,8
LL10748,2025-12-10,C1007,New,Leather Tote,Bags,2,36838.06,13.82,63490.85,45000,18490.85,TikTok,Transfer,5,Delivered,No,No,4,No,Dec,12
LL10749,2025-08-04,C1072,Returning,Knit Cardigan,Tops,1,22474.3,13.14,19520.43,14500,5020.43,Google,Cash,1,Delivered,No,Yes,3,Yes,Aug,8
LL10750,2025-11-18,C1064,Returning,Basic Bodysuit,Tops,1,13667.9,31.43,9372.67,9000,372.67,WhatsApp,Transfer,4,Delivered,No,No,5,Yes,Nov,11
LL10751,2025-02-08,C1458,New,Silk Scarf,Accessories,1,12000.0,8.42,10989.65,5500,5489.65,Instagram,Transfer,4,Delivered,No,Yes,5,Yes,Feb,2
LL10752,2025-12-07,C1043,Returning,Mini Handbag,Bags,2,20154.57,19.11,32604.41,25000,7604.41,Instagram,Card,4,Delivered,No,No,3,Yes,Dec,12
LL10753,2025-05-19,C1336,New,Statement Earrings,Accessories,2,9000.0,14.09,15464.38,7000,8464.38,WhatsApp,Cash,1,Delivered,No,No,3,No,May,5
LL10754,2025-03-20,C1023,New,Mini Handbag,Bags,3,22000.0,10.04,59371.05,37500,21871.05,Instagram,Transfer,6,Delivered,No,No,4,No,Mar,3
LL10755,2025-10-20,C1072,Returning,Maxi Skirt,Skirts,1,24121.86,20.42,19195.16,15500,3695.16,TikTok,Transfer,4,Delivered,No,No,5,Yes,Oct,10
LL10756,2025-06-08,C1265,New,Mini Handbag,Bags,1,22000.0,5.53,20784.34,12500,8284.34,Google,USSD,4,Delivered,No,No,4,Yes,Jun,6
LL10757,2025-10-05,C1238,Returning,Maxi Skirt,Skirts,1,24883.99,13.37,21556.1,15500,6056.1,Walk-in,Transfer,3,Delivered,No,Yes,4,Yes,Oct,10
LL10758,2025-10-25,C1339,Returning,Mini Handbag,Bags,1,19872.54,15.5,16792.69,12500,4292.69,WhatsApp,Transfer,7,Delivered,No,Yes,3,Yes,Oct,10
LL10759,2025-07-02,C1337,Returning,Basic Bodysuit,Tops,1,13672.43,18.56,11135.41,9000,2135.41,WhatsApp,Transfer,4,Delivered,No,No,3,Yes,Jul,7
LL10760,2025-09-20,C1271,Returning,Statement Earrings,Accessories,1,8364.95,17.34,6914.37,3500,3414.37,Instagram,Card,1,Delivered,No,No,3,Yes,Sep,9
LL10761,2025-02-09,C1363,New,Statement Earrings,Accessories,1,9000.0,13.64,0.0,3500,0.0,WhatsApp,Transfer,1,Cancelled,No,No,3,Yes,Feb,2
LL10762,2025-09-01,C1149,New,Knit Cardigan,Tops,1,21770.89,10.59,19465.34,14500,4965.34,WhatsApp,Transfer,3,Delivered,No,No,4,Yes,Sep,9
LL10763,2025-04-04,C1297,New,Premium Jumpsuit,Jumpsuits,1,52000.0,8.35,47656.21,34000,13656.21,WhatsApp,Card,4,Delivered,No,No,2,No,Apr,4
LL10764,2025-10-09,C1296,New,Wide-Leg Trousers,Trousers,2,26542.72,16.4,44378.23,34000,10378.23,Instagram,Cash,2,Delivered,No,No,3,No,Oct,10
LL10765,2025-04-02,C1255,Returning,Basic Bodysuit,Tops,1,15000.0,13.74,12939.21,9000,3939.21,WhatsApp,Transfer,2,Delivered,No,Yes,4,Yes,Apr,4
LL10766,2025-08-02,C1233,New,Classic Blazer,Outerwear,2,43748.05,22.58,67736.55,60000,7736.55,TikTok,Card,4,Delivered,No,No,3,No,Aug,8
LL10767,2025-11-03,C1169,New,Statement Earrings,Accessories,1,8300.67,0.0,8300.67,3500,4800.67,Instagram,Transfer,7,Delivered,No,Yes,3,No,Nov,11
LL10768,2025-10-30,C1169,Returning,Wide-Leg Trousers,Trousers,2,25362.23,10.2,45549.13,34000,11549.13,TikTok,Transfer,1,Delivered,No,No,4,Yes,Oct,10
LL10769,2025-12-25,C1038,New,Premium Jumpsuit,Jumpsuits,2,48146.22,23.5,73666.27,68000,5666.27,Google,Transfer,3,Delivered,No,No,3,No,Dec,12
LL10770,2025-01-26,C1427,New,Premium Jumpsuit,Jumpsuits,2,52000.0,20.93,82234.2,68000,14234.2,Google,USSD,4,Delivered,No,No,3,No,Jan,1
LL10771,2025-05-26,C1012,Returning,Silk Scarf,Accessories,1,12000.0,1.82,11781.41,5500,6281.41,Instagram,Card,2,Delivered,No,No,3,Yes,May,5
LL10772,2025-06-10,C1352,Returning,Linen Two-Piece,Two-Piece Sets,1,42000.0,0.55,41769.22,27000,14769.22,WhatsApp,Cash,1,Delivered,No,No,4,Yes,Jun,6
LL10773,2025-10-02,C1283,Returning,Basic Bodysuit,Tops,2,13793.75,27.18,2297.51,18000,-3159.43,Instagram,Cash,3,Returned,Yes,Yes,3,Yes,Oct,10
LL10774,2025-09-11,C1475,New,Linen Two-Piece,Two-Piece Sets,1,38801.42,16.06,32571.01,27000,5571.01,Instagram,Transfer,6,Delivered,No,No,3,No,Sep,9
LL10775,2025-07-03,C1311,Returning,Satin Dress,Dresses,1,32883.55,19.83,26362.07,21000,5362.07,WhatsApp,Card,1,Delivered,No,No,4,Yes,Jul,7
LL10776,2025-07-22,C1085,New,Linen Two-Piece,Two-Piece Sets,2,39296.74,19.87,62973.62,54000,8973.62,Referral,Cash,5,Delivered,No,No,3,No,Jul,7
LL10777,2025-01-21,C1145,New,Linen Two-Piece,Two-Piece Sets,1,42000.0,5.49,39695.57,27000,12695.57,WhatsApp,Cash,8,Delivered,No,Yes,3,No,Jan,1
LL10778,2025-09-03,C1339,New,Wide-Leg Trousers,Trousers,1,25485.14,17.45,1089.07,17000,-1987.37,WhatsApp,Transfer,7,Returned,Yes,Yes,2,Yes,Sep,9
LL10779,2025-10-21,C1470,New,Basic Bodysuit,Tops,1,13872.05,35.0,9016.83,9000,16.83,Instagram,Transfer,7,Delivered,No,Yes,3,No,Oct,10
LL10780,2025-08-08,C1046,Returning,Leather Tote,Bags,2,35445.91,13.55,61288.79,45000,16288.79,Walk-in,Card,7,Delivered,No,Yes,5,Yes,Aug,8
LL10781,2025-02-07,C1355,Returning,Silk Scarf,Accessories,1,12000.0,23.69,1703.39,5500,-477.26,WhatsApp,Card,1,Returned,Yes,Yes,3,Yes,Feb,2
LL10782,2025-07-12,C1333,New,Linen Two-Piece,Two-Piece Sets,1,41035.22,14.72,34996.71,27000,7996.71,Instagram,Transfer,6,Delivered,No,No,4,No,Jul,7
LL10783,2025-07-04,C1216,New,Wide-Leg Trousers,Trousers,1,25851.27,17.08,21436.24,17000,4436.24,WhatsApp,USSD,4,Delivered,No,No,3,No,Jul,7
LL10784,2025-06-23,C1431,Returning,Mini Handbag,Bags,1,22000.0,10.63,19661.44,12500,7161.44,WhatsApp,Cash,3,Delivered,No,No,4,Yes,Jun,6
LL10785,2025-11-02,C1221,Returning,Basic Bodysuit,Tops,2,14513.31,25.22,21707.14,18000,3707.14,WhatsApp,Transfer,5,Delivered,No,No,5,Yes,Nov,11
LL10786,2025-12-12,C1378,New,Mini Handbag,Bags,1,21053.33,9.47,19059.53,12500,6559.53,TikTok,Card,4,Delivered,No,No,4,No,Dec,12
LL10787,2025-03-22,C1084,New,Statement Earrings,Accessories,1,9000.0,12.24,7898.43,3500,4398.43,Instagram,Transfer,3,Delivered,No,No,3,No,Mar,3
LL10788,2025-03-03,C1264,New,Linen Two-Piece,Two-Piece Sets,1,42000.0,18.3,34313.1,27000,7313.1,Walk-in,Transfer,2,Delivered,No,No,3,Yes,Mar,3
LL10789,2025-11-07,C1412,New,Wide-Leg Trousers,Trousers,1,27399.78,16.82,22791.87,17000,5791.87,Instagram,Card,2,Delivered,No,No,4,No,Nov,11
LL10790,2025-08-18,C1370,Returning,Premium Jumpsuit,Jumpsuits,1,48269.05,13.01,41989.96,34000,7989.96,Walk-in,Card,5,Delivered,No,No,4,Yes,Aug,8
LL10791,2025-01-10,C1123,Returning,Knit Cardigan,Tops,3,24000.0,10.92,64138.13,43500,20638.13,WhatsApp,Transfer,6,Delivered,No,No,4,Yes,Jan,1
LL10792,2025-05-19,C1052,New,Mini Handbag,Bags,1,22000.0,15.8,0.0,12500,0.0,WhatsApp,Transfer,2,Cancelled,No,No,4,Yes,May,5
LL10793,2025-05-29,C1249,New,Premium Jumpsuit,Jumpsuits,1,52000.0,15.69,43839.33,34000,9839.33,Instagram,Card,6,Delivered,No,No,4,No,May,5
LL10794,2025-04-14,C1192,New,Classic Blazer,Outerwear,1,48000.0,10.23,0.0,30000,0.0,WhatsApp,Transfer,3,Cancelled,No,No,4,No,Apr,4
LL10795,2025-09-28,C1143,Returning,Wide-Leg Trousers,Trousers,2,26325.38,15.0,44754.04,34000,10754.04,Google,Card,6,Delivered,No,No,4,Yes,Sep,9
LL10796,2025-03-02,C1064,Returning,Maxi Skirt,Skirts,1,26000.0,6.88,24210.63,15500,8710.63,Instagram,Card,4,Delivered,No,No,5,Yes,Mar,3
LL10797,2025-06-16,C1247,New,Knit Cardigan,Tops,1,24000.0,7.43,22216.15,14500,7716.15,Referral,Transfer,1,Delivered,No,No,4,Yes,Jun,6
LL10798,2025-04-27,C1456,Returning,Premium Jumpsuit,Jumpsuits,1,52000.0,12.43,0.0,34000,0.0,Instagram,USSD,3,Cancelled,No,No,3,Yes,Apr,4
LL10799,2025-02-10,C1038,New,Mini Handbag,Bags,1,22000.0,17.04,18251.98,12500,5751.98,WhatsApp,Transfer,3,Delivered,No,No,4,No,Feb,2
LL10800,2025-08-02,C1404,New,Silk Scarf,Accessories,2,11700.31,25.13,17520.46,11000,6520.46,Instagram,Card,7,Delivered,No,Yes,2,No,Aug,8
LL10801,2025-04-23,C1374,New,Classic Blazer,Outerwear,1,48000.0,12.74,41884.63,30000,11884.63,Instagram,Card,3,Delivered,No,Yes,4,No,Apr,4
LL10802,2025-02-27,C1018,Returning,Satin Dress,Dresses,3,35000.0,23.17,80669.49,63000,17669.49,Referral,Cash,4,Delivered,No,No,3,Yes,Feb,2
LL10803,2025-01-18,C1093,New,Leather Tote,Bags,1,38000.0,11.71,33551.45,22500,11051.45,Instagram,Transfer,7,Delivered,No,Yes,3,No,Jan,1
LL10804,2025-02-02,C1361,New,Linen Two-Piece,Two-Piece Sets,1,42000.0,15.24,35598.95,27000,8598.95,TikTok,Card,5,Delivered,No,No,4,No,Feb,2
LL10805,2025-12-26,C1117,Returning,Maxi Skirt,Skirts,2,24011.36,16.68,0.0,31000,0.0,Instagram,Card,2,Cancelled,No,No,3,Yes,Dec,12
LL10806,2025-01-02,C1158,Returning,Knit Cardigan,Tops,1,24000.0,20.74,2552.11,14500,-2420.4,TikTok,Transfer,1,Returned,Yes,Yes,2,Yes,Jan,1
LL10807,2025-04-03,C1007,New,Leather Tote,Bags,1,38000.0,10.25,34106.52,22500,11606.52,TikTok,Transfer,2,Delivered,No,No,3,Yes,Apr,4
LL10808,2025-11-27,C1467,Returning,Maxi Skirt,Skirts,1,24248.1,21.54,19026.25,15500,3526.25,Google,Card,7,Delivered,No,Yes,3,Yes,Nov,11
LL10809,2025-10-15,C1186,Returning,Leather Tote,Bags,1,37077.55,12.56,32421.9,22500,9921.9,Instagram,Card,6,Delivered,No,No,4,Yes,Oct,10
LL10810,2025-11-22,C1137,Returning,Knit Cardigan,Tops,1,22175.78,26.43,16315.58,14500,1815.58,Instagram,Transfer,7,Delivered,No,Yes,4,Yes,Nov,11
LL10811,2025-09-06,C1105,Returning,Statement Earrings,Accessories,1,8506.14,19.04,6886.79,3500,3386.79,WhatsApp,Transfer,5,Delivered,No,Yes,4,Yes,Sep,9
LL10812,2025-03-08,C1062,Returning,Basic Bodysuit,Tops,1,15000.0,17.35,12396.84,9000,3396.84,Instagram,Cash,1,Delivered,No,No,2,Yes,Mar,3
LL10813,2025-09-23,C1013,Returning,Linen Two-Piece,Two-Piece Sets,1,40172.88,18.72,32654.41,27000,5654.41,Instagram,Cash,4,Delivered,No,No,3,Yes,Sep,9
LL10814,2025-07-30,C1109,New,Knit Cardigan,Tops,2,23414.76,17.76,38512.64,29000,9512.64,WhatsApp,Transfer,8,Delivered,No,Yes,3,No,Jul,7
LL10815,2025-02-10,C1377,New,Satin Dress,Dresses,2,35000.0,11.99,61609.79,42000,19609.79,Referral,Card,4,Delivered,No,No,2,Yes,Feb,2
LL10816,2025-02-03,C1280,New,Silk Scarf,Accessories,1,12000.0,2.91,11650.55,5500,6150.55,Google,Cash,2,Delivered,No,No,4,No,Feb,2
LL10817,2025-03-24,C1450,New,Wide-Leg Trousers,Trousers,2,28000.0,10.15,50318.63,34000,16318.63,Instagram,Transfer,2,Delivered,No,No,3,No,Mar,3
LL10818,2025-09-16,C1482,New,Silk Scarf,Accessories,1,11714.69,7.73,10808.6,5500,5308.6,Referral,Transfer,4,Delivered,No,No,2,No,Sep,9
LL10819,2025-03-04,C1068,New,Wide-Leg Trousers,Trousers,3,28000.0,9.33,0.0,51000,0.0,TikTok,Transfer,2,Cancelled,No,No,2,No,Mar,3
LL10820,2025-05-20,C1441,New,Statement Earrings,Accessories,2,9000.0,18.1,14742.85,7000,7742.85,WhatsApp,Cash,6,Delivered,No,No,3,Yes,May,5
LL10821,2025-09-02,C1390,Returning,Knit Cardigan,Tops,2,22153.25,23.79,33767.65,29000,4767.65,TikTok,Card,4,Delivered,No,No,4,Yes,Sep,9
LL10822,2025-01-10,C1087,Returning,Silk Scarf,Accessories,1,12000.0,13.18,0.0,5500,0.0,Instagram,Transfer,1,Cancelled,No,No,4,Yes,Jan,1
LL10823,2025-04-15,C1149,New,Maxi Skirt,Skirts,2,26000.0,4.21,49812.37,31000,18812.37,TikTok,USSD,1,Delivered,No,No,3,No,Apr,4
LL10824,2025-12-18,C1202,New,Leather Tote,Bags,1,34885.39,12.23,30618.39,22500,8118.39,Instagram,Card,8,Delivered,No,Yes,2,No,Dec,12
LL10825,2025-10-25,C1244,New,Maxi Skirt,Skirts,1,24905.51,18.19,20374.19,15500,4874.19,Google,Cash,5,Delivered,No,No,4,No,Oct,10
LL10826,2025-07-20,C1122,Returning,Knit Cardigan,Tops,1,21720.72,14.76,18515.83,14500,4015.83,WhatsApp,Transfer,7,Delivered,No,Yes,3,Yes,Jul,7
LL10827,2025-10-01,C1340,Returning,Mini Handbag,Bags,2,21411.23,25.1,6160.62,25000,-1957.74,Referral,Transfer,6,Returned,Yes,Yes,3,Yes,Oct,10
LL10828,2025-05-31,C1365,New,Satin Dress,Dresses,1,35000.0,15.61,3078.69,21000,-3975.5,TikTok,USSD,2,Returned,Yes,Yes,2,No,May,5
LL10829,2025-07-19,C1403,New,Silk Scarf,Accessories,1,10906.16,24.96,8183.93,5500,2683.93,WhatsApp,Transfer,4,Delivered,No,No,3,Yes,Jul,7
LL10830,2025-05-13,C1137,New,Classic Blazer,Outerwear,1,48000.0,8.5,43921.62,30000,13921.62,Instagram,Transfer,3,Delivered,No,No,4,No,May,5
LL10831,2025-07-28,C1248,New,Mini Handbag,Bags,2,20283.36,17.66,33403.22,25000,8403.22,Instagram,Transfer,4,Delivered,No,No,4,No,Jul,7
LL10832,2025-01-30,C1039,New,Premium Jumpsuit,Jumpsuits,2,52000.0,13.51,5741.28,68000,-13811.46,WhatsApp,Transfer,2,Returned,Yes,Yes,4,Yes,Jan,1
LL10833,2025-10-29,C1276,Returning,Statement Earrings,Accessories,1,8262.42,15.47,6984.37,3500,3484.37,Google,Card,5,Delivered,No,No,4,Yes,Oct,10
LL10834,2025-05-15,C1425,New,Linen Two-Piece,Two-Piece Sets,1,42000.0,7.45,38868.9,27000,11868.9,Instagram,Card,3,Delivered,No,No,3,No,May,5
LL10835,2025-04-16,C1283,Returning,Linen Two-Piece,Two-Piece Sets,1,42000.0,14.36,0.0,27000,0.0,WhatsApp,Cash,5,Cancelled,No,No,3,Yes,Apr,4
LL10836,2025-01-17,C1078,New,Leather Tote,Bags,2,38000.0,11.91,66946.12,45000,21946.12,Instagram,Cash,1,Delivered,No,No,4,No,Jan,1
LL10837,2025-06-04,C1272,New,Statement Earrings,Accessories,2,9000.0,19.07,14567.36,7000,7567.36,WhatsApp,Transfer,3,Delivered,No,No,3,No,Jun,6
LL10838,2025-03-20,C1179,Returning,Knit Cardigan,Tops,1,24000.0,12.95,20893.15,14500,6393.15,Instagram,USSD,4,Delivered,No,No,5,Yes,Mar,3
LL10839,2025-10-05,C1387,New,Leather Tote,Bags,1,37002.05,19.54,29773.63,22500,7273.63,Walk-in,Transfer,4,Delivered,No,No,5,No,Oct,10
LL10840,2025-04-26,C1082,New,Linen Two-Piece,Two-Piece Sets,1,42000.0,8.33,38500.77,27000,11500.77,TikTok,Transfer,1,Delivered,No,No,5,No,Apr,4
LL10841,2025-03-07,C1403,Returning,Premium Jumpsuit,Jumpsuits,2,52000.0,15.84,87530.47,68000,19530.47,Instagram,Cash,6,Delivered,No,No,4,Yes,Mar,3
LL10842,2025-01-18,C1169,New,Wide-Leg Trousers,Trousers,2,28000.0,4.22,3624.36,34000,-6293.1,WhatsApp,Card,4,Returned,Yes,Yes,3,No,Jan,1
LL10843,2025-11-25,C1363,Returning,Knit Cardigan,Tops,1,23408.46,27.31,17016.34,14500,2516.34,WhatsApp,Cash,5,Delivered,No,No,4,Yes,Nov,11
LL10844,2025-11-12,C1124,Returning,Silk Scarf,Accessories,1,11724.44,16.8,9754.47,5500,4254.47,WhatsApp,Cash,1,Delivered,No,No,3,Yes,Nov,11
LL10845,2025-02-03,C1039,New,Statement Earrings,Accessories,2,9000.0,8.59,1154.1,7000,-1730.34,Instagram,Card,3,Returned,Yes,Yes,2,No,Feb,2
LL10846,2025-08-11,C1481,New,Knit Cardigan,Tops,1,22353.51,14.55,19101.38,14500,4601.38,Instagram,USSD,2,Delivered,No,No,4,No,Aug,8
LL10847,2025-08-08,C1253,Returning,Knit Cardigan,Tops,1,22994.12,13.52,19885.99,14500,5385.99,TikTok,Cash,6,Delivered,No,No,3,Yes,Aug,8
LL10848,2025-08-14,C1308,New,Wide-Leg Trousers,Trousers,1,27306.31,19.37,0.0,17000,0.0,TikTok,Transfer,5,Cancelled,No,No,5,No,Aug,8
LL10849,2025-11-16,C1021,New,Maxi Skirt,Skirts,2,24138.96,18.81,39195.21,31000,8195.21,Instagram,USSD,1,Delivered,No,No,3,No,Nov,11
LL10850,2025-11-19,C1487,Returning,Silk Scarf,Accessories,2,11187.1,9.73,20197.84,11000,9197.84,Referral,Card,6,Delivered,No,No,4,Yes,Nov,11
LL10851,2025-01-15,C1432,Returning,Knit Cardigan,Tops,1,24000.0,6.88,22349.37,14500,7849.37,TikTok,Card,5,Delivered,No,No,3,Yes,Jan,1
LL10852,2025-07-05,C1495,New,Wide-Leg Trousers,Trousers,1,26340.63,17.44,21747.44,17000,4747.44,Walk-in,Card,6,Delivered,No,No,4,No,Jul,7
LL10853,2025-04-27,C1340,New,Mini Handbag,Bags,2,22000.0,2.38,0.0,25000,0.0,TikTok,Cash,2,Cancelled,No,No,4,No,Apr,4
LL10854,2025-07-18,C1209,New,Silk Scarf,Accessories,1,11668.16,16.04,9796.09,5500,4296.09,Instagram,USSD,1,Delivered,No,Yes,4,No,Jul,7
LL10855,2025-03-10,C1163,New,Wide-Leg Trousers,Trousers,1,28000.0,14.33,23987.27,17000,6987.27,WhatsApp,USSD,2,Delivered,No,No,3,Yes,Mar,3
LL10856,2025-01-30,C1143,New,Mini Handbag,Bags,1,22000.0,14.44,18822.17,12500,6322.17,Google,USSD,2,Delivered,No,No,5,Yes,Jan,1
LL10857,2025-05-29,C1355,Returning,Premium Jumpsuit,Jumpsuits,2,52000.0,9.14,94490.13,68000,26490.13,Instagram,Card,3,Delivered,No,Yes,4,Yes,May,5
LL10858,2025-06-13,C1412,New,Linen Two-Piece,Two-Piece Sets,1,42000.0,18.05,34418.38,27000,7418.38,Instagram,Transfer,3,Delivered,No,No,4,No,Jun,6
LL10859,2025-10-23,C1184,Returning,Statement Earrings,Accessories,1,8588.42,17.66,7071.64,3500,3571.64,TikTok,Transfer,4,Delivered,No,No,3,Yes,Oct,10
LL10860,2025-10-12,C1223,New,Maxi Skirt,Skirts,1,24021.51,25.55,17885.08,15500,2385.08,Google,USSD,7,Delivered,No,Yes,3,No,Oct,10
LL10861,2025-02-21,C1209,Returning,Satin Dress,Dresses,3,35000.0,16.62,87548.26,63000,24548.26,TikTok,Transfer,4,Delivered,No,No,3,Yes,Feb,2
LL10862,2025-12-17,C1009,Returning,Mini Handbag,Bags,2,20616.4,16.91,34260.13,25000,9260.13,Instagram,Cash,7,Delivered,No,Yes,2,Yes,Dec,12
LL10863,2025-11-28,C1152,Returning,Basic Bodysuit,Tops,3,14161.99,22.7,32840.84,27000,5840.84,TikTok,USSD,4,Delivered,No,No,5,Yes,Nov,11
LL10864,2025-11-08,C1407,New,Linen Two-Piece,Two-Piece Sets,2,38194.67,9.46,69163.05,54000,15163.05,WhatsApp,Transfer,4,Delivered,No,No,3,No,Nov,11
LL10865,2025-10-09,C1189,Returning,Wide-Leg Trousers,Trousers,1,25631.27,26.79,2089.43,17000,-1560.05,Referral,Transfer,8,Returned,Yes,Yes,1,Yes,Oct,10
LL10866,2025-09-17,C1333,Returning,Basic Bodysuit,Tops,1,13851.14,16.51,0.0,9000,0.0,TikTok,Card,4,Cancelled,Yes,Yes,3,Yes,Sep,9
LL10867,2025-07-15,C1364,Returning,Wide-Leg Trousers,Trousers,2,27143.52,20.45,43183.36,34000,9183.36,TikTok,Transfer,7,Delivered,No,Yes,3,Yes,Jul,7
LL10868,2025-06-02,C1080,Returning,Linen Two-Piece,Two-Piece Sets,1,42000.0,14.57,35882.57,27000,8882.57,Instagram,Transfer,1,Delivered,No,No,3,Yes,Jun,6
LL10869,2025-06-25,C1373,Returning,Knit Cardigan,Tops,3,24000.0,6.48,67332.35,43500,23832.35,Referral,Card,1,Delivered,No,No,3,Yes,Jun,6
LL10870,2025-11-25,C1365,Returning,Wide-Leg Trousers,Trousers,3,25609.68,21.45,60352.56,51000,9352.56,TikTok,Cash,4,Delivered,No,No,3,Yes,Nov,11
LL10871,2025-12-16,C1424,New,Statement Earrings,Accessories,1,8215.48,18.89,6663.17,3500,3163.17,Referral,Card,6,Delivered,No,No,5,No,Dec,12
LL10872,2025-07-24,C1424,New,Wide-Leg Trousers,Trousers,1,25407.03,8.14,23338.2,17000,6338.2,TikTok,Card,4,Delivered,No,No,4,No,Jul,7
LL10873,2025-01-30,C1402,New,Linen Two-Piece,Two-Piece Sets,1,42000.0,10.33,37662.44,27000,10662.44,WhatsApp,Cash,4,Delivered,No,Yes,4,No,Jan,1
LL10874,2025-06-25,C1063,New,Wide-Leg Trousers,Trousers,1,28000.0,11.12,24885.07,17000,7885.07,Walk-in,USSD,2,Delivered,No,No,4,No,Jun,6
LL10875,2025-01-24,C1168,New,Maxi Skirt,Skirts,2,26000.0,13.3,45083.11,31000,14083.11,Instagram,Cash,4,Delivered,No,No,5,No,Jan,1
LL10876,2025-03-08,C1433,New,Statement Earrings,Accessories,1,9000.0,17.07,7463.8,3500,3963.8,Instagram,Transfer,2,Delivered,No,No,4,Yes,Mar,3
LL10877,2025-05-15,C1046,Returning,Silk Scarf,Accessories,1,12000.0,20.02,9597.32,5500,4097.32,TikTok,Card,1,Delivered,No,No,3,Yes,May,5
LL10878,2025-09-20,C1026,Returning,Maxi Skirt,Skirts,3,24816.84,4.0,71469.49,46500,24969.49,TikTok,Card,6,Delivered,No,Yes,4,Yes,Sep,9
LL10879,2025-07-23,C1477,Returning,Knit Cardigan,Tops,1,21820.41,19.36,17596.74,14500,3096.74,Instagram,Card,6,Delivered,No,No,3,Yes,Jul,7
LL10880,2025-08-10,C1478,Returning,Satin Dress,Dresses,1,33898.63,20.32,27010.69,21000,6010.69,WhatsApp,Card,6,Delivered,No,No,4,Yes,Aug,8
LL10881,2025-11-21,C1356,Returning,Premium Jumpsuit,Jumpsuits,1,47796.78,13.53,41328.08,34000,7328.08,Google,USSD,4,Delivered,No,No,5,Yes,Nov,11
LL10882,2025-10-31,C1093,New,Classic Blazer,Outerwear,2,46444.47,19.92,74384.49,60000,14384.49,TikTok,Transfer,3,Delivered,No,No,5,No,Oct,10
LL10883,2025-07-06,C1192,Returning,Knit Cardigan,Tops,1,22215.87,22.31,17258.67,14500,2758.67,TikTok,Card,3,Delivered,No,No,4,Yes,Jul,7
LL10884,2025-09-10,C1375,New,Wide-Leg Trousers,Trousers,1,26099.4,22.21,0.0,17000,0.0,TikTok,USSD,3,Cancelled,Yes,Yes,4,No,Sep,9
LL10885,2025-04-28,C1240,New,Leather Tote,Bags,2,38000.0,8.09,69850.2,45000,24850.2,TikTok,Card,4,Delivered,No,No,4,No,Apr,4
LL10886,2025-09-01,C1069,Returning,Maxi Skirt,Skirts,2,25107.98,18.26,41045.58,31000,10045.58,Instagram,Cash,3,Delivered,No,No,3,Yes,Sep,9
LL10887,2025-10-21,C1040,Returning,Mini Handbag,Bags,1,21118.44,17.73,17373.71,12500,4873.71,WhatsApp,Card,5,Delivered,No,No,4,Yes,Oct,10
LL10888,2025-06-04,C1486,New,Knit Cardigan,Tops,2,24000.0,17.95,39382.09,29000,10382.09,Referral,Transfer,4,Delivered,No,Yes,3,No,Jun,6
LL10889,2025-02-12,C1484,Returning,Classic Blazer,Outerwear,1,48000.0,7.84,44238.38,30000,14238.38,TikTok,Card,3,Delivered,No,No,4,Yes,Feb,2
LL10890,2025-10-09,C1411,Returning,Premium Jumpsuit,Jumpsuits,1,47666.64,24.61,35934.2,34000,1934.2,Instagram,Transfer,5,Delivered,No,No,4,Yes,Oct,10
LL10891,2025-12-04,C1301,New,Classic Blazer,Outerwear,2,45980.1,17.25,0.0,60000,0.0,WhatsApp,Card,2,Cancelled,No,No,2,Yes,Dec,12
LL10892,2025-04-02,C1467,New,Mini Handbag,Bags,1,22000.0,13.51,19028.25,12500,6528.25,WhatsApp,Transfer,2,Delivered,No,No,3,Yes,Apr,4
LL10893,2025-07-21,C1273,Returning,Mini Handbag,Bags,1,20309.14,17.14,16827.59,12500,4327.59,Google,Card,3,Delivered,No,No,4,Yes,Jul,7
LL10894,2025-05-30,C1121,New,Premium Jumpsuit,Jumpsuits,1,52000.0,11.85,45839.0,34000,11839.0,Google,Cash,1,Delivered,No,No,5,No,May,5
LL10895,2025-04-09,C1500,New,Mini Handbag,Bags,2,22000.0,3.18,42602.74,25000,17602.74,WhatsApp,Transfer,3,Delivered,No,No,4,Yes,Apr,4
LL10896,2025-12-28,C1394,New,Premium Jumpsuit,Jumpsuits,1,48770.94,24.12,37006.71,34000,3006.71,WhatsApp,Transfer,4,Delivered,No,No,3,No,Dec,12
LL10897,2025-10-11,C1207,Returning,Linen Two-Piece,Two-Piece Sets,1,40980.25,19.44,33013.2,27000,6013.2,Instagram,Cash,7,Delivered,No,Yes,3,Yes,Oct,10
LL10898,2025-12-25,C1056,New,Statement Earrings,Accessories,3,8578.35,16.48,21494.29,10500,10994.29,WhatsApp,Transfer,4,Delivered,No,No,5,No,Dec,12
LL10899,2025-11-10,C1293,New,Classic Blazer,Outerwear,2,43426.57,19.05,0.0,60000,0.0,Google,Transfer,6,Cancelled,No,No,4,No,Nov,11
LL10900,2025-08-23,C1136,Returning,Mini Handbag,Bags,2,19920.3,24.01,30273.32,25000,5273.32,Instagram,Cash,1,Delivered,No,No,4,Yes,Aug,8
LL10901,2025-01-03,C1307,Returning,Basic Bodysuit,Tops,1,15000.0,9.57,13564.2,9000,4564.2,WhatsApp,Card,3,Delivered,No,No,4,Yes,Jan,1
LL10902,2025-01-17,C1383,New,Knit Cardigan,Tops,1,24000.0,6.46,22448.96,14500,7948.96,WhatsApp,Transfer,3,Delivered,No,No,4,No,Jan,1
LL10903,2025-11-30,C1302,Returning,Satin Dress,Dresses,2,32930.0,18.87,4943.64,42000,-7564.91,Instagram,Card,5,Returned,Yes,Yes,2,Yes,Nov,11
LL10904,2025-07-01,C1366,Returning,Silk Scarf,Accessories,2,11742.46,23.92,0.0,11000,0.0,TikTok,Cash,5,Cancelled,No,No,4,Yes,Jul,7
LL10905,2025-11-18,C1305,New,Leather Tote,Bags,3,34324.3,19.65,82737.45,67500,15237.45,Instagram,Cash,4,Delivered,No,No,3,No,Nov,11
LL10906,2025-06-16,C1236,Returning,Premium Jumpsuit,Jumpsuits,2,52000.0,13.07,90411.08,68000,22411.08,TikTok,Transfer,2,Delivered,No,No,4,Yes,Jun,6
LL10907,2025-08-06,C1015,Returning,Linen Two-Piece,Two-Piece Sets,1,38847.26,20.87,30739.77,27000,3739.77,TikTok,Transfer,4,Delivered,No,No,3,Yes,Aug,8
LL10908,2025-09-18,C1309,New,Leather Tote,Bags,1,35267.71,8.99,0.0,22500,0.0,TikTok,Card,4,Cancelled,No,No,3,No,Sep,9
LL10909,2025-01-02,C1278,Returning,Statement Earrings,Accessories,1,9000.0,13.2,7812.39,3500,4312.39,Google,Transfer,4,Delivered,No,No,4,Yes,Jan,1
LL10910,2025-12-14,C1001,New,Silk Scarf,Accessories,1,10992.02,19.76,0.0,5500,0.0,Walk-in,Transfer,3,Cancelled,Yes,Yes,3,Yes,Dec,12
LL10911,2025-02-26,C1042,Returning,Wide-Leg Trousers,Trousers,2,28000.0,8.07,51478.79,34000,17478.79,TikTok,Cash,1,Delivered,No,No,4,Yes,Feb,2
LL10912,2025-08-14,C1472,Returning,Basic Bodysuit,Tops,1,14509.07,18.89,11768.72,9000,2768.72,Instagram,Transfer,2,Delivered,No,No,3,Yes,Aug,8
LL10913,2025-07-17,C1353,Returning,Silk Scarf,Accessories,1,11329.43,16.18,9496.1,5500,3996.1,TikTok,Transfer,5,Delivered,No,No,4,Yes,Jul,7
LL10914,2025-11-01,C1409,Returning,Basic Bodysuit,Tops,2,13932.14,23.25,21386.48,18000,3386.48,WhatsApp,Transfer,2,Delivered,No,No,4,Yes,Nov,11
LL10915,2025-08-30,C1498,Returning,Knit Cardigan,Tops,1,21831.17,19.57,17558.01,14500,3058.01,Instagram,Card,2,Delivered,No,No,4,Yes,Aug,8
LL10916,2025-05-26,C1125,New,Mini Handbag,Bags,1,22000.0,13.72,18980.75,12500,6480.75,TikTok,Card,2,Delivered,No,No,5,No,May,5
LL10917,2025-04-24,C1021,Returning,Premium Jumpsuit,Jumpsuits,3,52000.0,3.09,151175.53,102000,49175.53,TikTok,Transfer,1,Delivered,No,No,3,Yes,Apr,4
LL10918,2025-08-08,C1257,Returning,Mini Handbag,Bags,1,20342.77,19.8,16314.68,12500,3814.68,Google,Cash,3,Delivered,No,No,3,Yes,Aug,8
LL10919,2025-05-11,C1093,New,Mini Handbag,Bags,2,22000.0,12.8,38368.66,25000,13368.66,TikTok,Card,5,Delivered,No,No,3,No,May,5
LL10920,2025-04-05,C1274,Returning,Leather Tote,Bags,1,38000.0,8.84,34641.12,22500,12141.12,Instagram,Transfer,2,Delivered,No,No,4,Yes,Apr,4
LL10921,2025-10-19,C1276,Returning,Statement Earrings,Accessories,2,8518.88,19.34,13742.23,7000,6742.23,TikTok,Card,10,Delivered,No,Yes,4,Yes,Oct,10
LL10922,2025-12-06,C1153,Returning,Knit Cardigan,Tops,1,22978.52,19.05,18600.85,14500,4100.85,TikTok,Transfer,7,Delivered,No,Yes,4,Yes,Dec,12
LL10923,2025-06-15,C1301,New,Premium Jumpsuit,Jumpsuits,2,52000.0,10.29,93295.23,68000,25295.23,TikTok,Card,1,Delivered,No,No,3,Yes,Jun,6
LL10924,2025-06-21,C1287,Returning,Mini Handbag,Bags,1,22000.0,18.56,17916.02,12500,5416.02,Instagram,Transfer,2,Delivered,No,No,4,Yes,Jun,6
LL10925,2025-09-02,C1360,Returning,Wide-Leg Trousers,Trousers,1,25775.1,21.14,20327.03,17000,3327.03,Instagram,Card,4,Delivered,No,No,3,Yes,Sep,9
LL10926,2025-04-25,C1383,Returning,Premium Jumpsuit,Jumpsuits,1,52000.0,9.79,46907.88,34000,12907.88,WhatsApp,Card,3,Delivered,No,No,4,Yes,Apr,4
LL10927,2025-06-05,C1398,Returning,Premium Jumpsuit,Jumpsuits,1,52000.0,12.72,45385.93,34000,11385.93,WhatsApp,Card,2,Delivered,No,No,3,Yes,Jun,6
LL10928,2025-09-26,C1155,Returning,Premium Jumpsuit,Jumpsuits,1,50135.99,12.71,43762.51,34000,9762.51,Google,Cash,4,Delivered,No,No,4,Yes,Sep,9
LL10929,2025-09-26,C1171,New,Classic Blazer,Outerwear,1,43489.23,11.61,38439.26,30000,8439.26,Instagram,Card,7,Delivered,No,Yes,2,No,Sep,9
LL10930,2025-01-04,C1356,New,Basic Bodysuit,Tops,1,15000.0,17.21,12418.55,9000,3418.55,WhatsApp,Cash,1,Delivered,No,No,3,Yes,Jan,1
LL10931,2025-09-22,C1148,Returning,Wide-Leg Trousers,Trousers,1,27248.85,12.65,0.0,17000,0.0,WhatsApp,Cash,3,Cancelled,No,No,5,Yes,Sep,9
LL10932,2025-08-10,C1458,Returning,Statement Earrings,Accessories,1,8637.42,19.54,6949.78,3500,3449.78,TikTok,Card,3,Delivered,No,No,3,Yes,Aug,8
LL10933,2025-06-09,C1492,New,Statement Earrings,Accessories,2,9000.0,10.93,16032.75,7000,9032.75,WhatsApp,Transfer,3,Delivered,No,No,5,No,Jun,6
LL10934,2025-07-08,C1043,Returning,Premium Jumpsuit,Jumpsuits,1,47708.64,5.86,44912.7,34000,10912.7,WhatsApp,Card,6,Delivered,No,No,4,Yes,Jul,7
LL10935,2025-11-24,C1405,New,Classic Blazer,Outerwear,1,45201.68,14.98,38429.76,30000,8429.76,Walk-in,Card,7,Delivered,No,Yes,4,No,Nov,11
LL10936,2025-08-18,C1252,Returning,Linen Two-Piece,Two-Piece Sets,1,38642.2,10.5,34585.92,27000,7585.92,Instagram,Transfer,6,Delivered,No,Yes,3,Yes,Aug,8
LL10937,2025-09-11,C1018,Returning,Maxi Skirt,Skirts,1,24082.81,20.52,19140.57,15500,3640.57,Instagram,Transfer,4,Delivered,No,No,4,Yes,Sep,9
LL10938,2025-12-12,C1204,Returning,Basic Bodysuit,Tops,1,13524.89,27.99,9739.36,9000,739.36,Instagram,Card,3,Delivered,No,No,4,Yes,Dec,12
LL10939,2025-01-24,C1355,New,Silk Scarf,Accessories,1,12000.0,7.3,11123.63,5500,5623.63,Instagram,Card,1,Delivered,No,No,3,No,Jan,1
LL10940,2025-05-25,C1366,New,Statement Earrings,Accessories,1,9000.0,23.23,6908.92,3500,3408.92,TikTok,Transfer,3,Delivered,No,No,4,No,May,5
LL10941,2025-11-04,C1142,Returning,Statement Earrings,Accessories,1,8315.03,6.69,7758.47,3500,4258.47,WhatsApp,Card,5,Delivered,No,No,3,Yes,Nov,11
LL10942,2025-03-12,C1273,Returning,Leather Tote,Bags,1,38000.0,7.53,35137.35,22500,12637.35,TikTok,Transfer,2,Delivered,No,No,5,Yes,Mar,3
LL10943,2025-07-15,C1405,Returning,Satin Dress,Dresses,1,31988.2,12.49,27993.83,21000,6993.83,Referral,USSD,3,Delivered,No,No,5,Yes,Jul,7
LL10944,2025-11-10,C1345,New,Satin Dress,Dresses,1,31647.91,21.89,24719.84,21000,3719.84,Google,Cash,3,Delivered,No,No,3,No,Nov,11
LL10945,2025-01-31,C1164,New,Mini Handbag,Bags,1,22000.0,9.85,19834.04,12500,7334.04,TikTok,Card,3,Delivered,No,No,4,No,Jan,1
LL10946,2025-05-31,C1428,New,Leather Tote,Bags,1,38000.0,7.71,35070.04,22500,12570.04,TikTok,Card,4,Delivered,No,No,3,No,May,5
LL10947,2025-03-14,C1196,New,Statement Earrings,Accessories,2,9000.0,10.86,16045.86,7000,9045.86,Instagram,Card,3,Delivered,No,No,2,No,Mar,3
LL10948,2025-09-28,C1199,Returning,Maxi Skirt,Skirts,1,25170.16,19.71,20209.22,15500,4709.22,Walk-in,USSD,4,Delivered,No,No,4,Yes,Sep,9
LL10949,2025-01-21,C1387,Returning,Maxi Skirt,Skirts,1,26000.0,13.2,22567.97,15500,7067.97,Instagram,USSD,3,Delivered,No,No,3,Yes,Jan,1
LL10950,2025-01-04,C1328,Returning,Basic Bodysuit,Tops,2,15000.0,16.12,25164.01,18000,7164.01,Walk-in,Transfer,2,Delivered,No,No,4,Yes,Jan,1
LL10951,2025-11-07,C1412,Returning,Knit Cardigan,Tops,2,22358.83,9.19,40608.55,29000,11608.55,TikTok,Transfer,1,Delivered,No,No,4,Yes,Nov,11
LL10952,2025-01-25,C1312,Returning,Premium Jumpsuit,Jumpsuits,2,52000.0,12.47,91031.96,68000,23031.96,Google,Card,1,Delivered,No,No,4,Yes,Jan,1
LL10953,2025-10-30,C1429,New,Mini Handbag,Bags,1,20575.34,17.45,16984.2,12500,4484.2,WhatsApp,Card,6,Delivered,No,No,2,No,Oct,10
LL10954,2025-12-08,C1056,Returning,Leather Tote,Bags,1,35811.79,20.15,28595.06,22500,6095.06,Google,Card,6,Delivered,No,No,4,Yes,Dec,12
LL10955,2025-02-03,C1124,New,Statement Earrings,Accessories,2,9000.0,9.44,16301.05,7000,9301.05,WhatsApp,Transfer,1,Delivered,No,No,4,No,Feb,2
LL10956,2025-04-22,C1181,New,Mini Handbag,Bags,1,22000.0,13.78,18968.08,12500,6468.08,Instagram,Transfer,6,Delivered,No,No,3,No,Apr,4
LL10957,2025-08-08,C1469,Returning,Leather Tote,Bags,1,35091.53,20.05,28055.34,22500,5555.34,Walk-in,Transfer,3,Delivered,No,No,4,Yes,Aug,8
LL10958,2025-07-13,C1441,New,Wide-Leg Trousers,Trousers,1,27235.47,14.84,23193.33,17000,6193.33,WhatsApp,Transfer,4,Delivered,No,No,3,No,Jul,7
LL10959,2025-05-17,C1359,Returning,Classic Blazer,Outerwear,1,48000.0,9.26,43555.73,30000,13555.73,WhatsApp,USSD,4,Delivered,No,No,5,Yes,May,5
LL10960,2025-01-04,C1286,New,Mini Handbag,Bags,1,22000.0,14.7,18766.29,12500,6266.29,Referral,USSD,1,Delivered,No,No,3,No,Jan,1
LL10961,2025-10-03,C1210,New,Maxi Skirt,Skirts,1,24148.94,15.07,20510.53,15500,5010.53,TikTok,Transfer,3,Delivered,No,No,5,No,Oct,10
LL10962,2025-03-28,C1331,Returning,Statement Earrings,Accessories,1,9000.0,5.74,8483.57,3500,4983.57,Google,Transfer,2,Delivered,No,No,4,Yes,Mar,3
LL10963,2025-03-08,C1438,New,Classic Blazer,Outerwear,1,48000.0,2.04,47021.05,30000,17021.05,Google,Transfer,4,Delivered,No,No,4,No,Mar,3
LL10964,2025-12-01,C1134,Returning,Knit Cardigan,Tops,1,22115.99,19.08,17896.39,14500,3396.39,WhatsApp,Cash,6,Delivered,No,No,3,Yes,Dec,12
LL10965,2025-12-12,C1348,Returning,Maxi Skirt,Skirts,2,24640.61,14.21,42279.61,31000,11279.61,Instagram,Transfer,4,Delivered,No,No,4,Yes,Dec,12
LL10966,2025-06-17,C1368,New,Classic Blazer,Outerwear,1,48000.0,7.35,44469.81,30000,14469.81,TikTok,Cash,2,Delivered,No,Yes,5,No,Jun,6
LL10967,2025-10-28,C1077,New,Premium Jumpsuit,Jumpsuits,1,48971.83,17.33,40484.47,34000,6484.47,TikTok,Card,3,Delivered,No,No,3,Yes,Oct,10
LL10968,2025-05-26,C1207,New,Silk Scarf,Accessories,2,12000.0,10.62,21451.25,11000,10451.25,Google,Transfer,2,Delivered,No,No,4,No,May,5
LL10969,2025-04-17,C1109,New,Satin Dress,Dresses,1,35000.0,16.82,29112.6,21000,8112.6,WhatsApp,Card,2,Delivered,No,No,3,Yes,Apr,4
LL10970,2025-11-06,C1498,New,Leather Tote,Bags,1,36981.23,9.16,33592.43,22500,11092.43,Instagram,Card,6,Delivered,No,Yes,5,No,Nov,11
LL10971,2025-10-14,C1450,Returning,Linen Two-Piece,Two-Piece Sets,1,40628.08,5.54,38375.58,27000,11375.58,Instagram,Cash,7,Delivered,No,Yes,3,Yes,Oct,10
LL10972,2025-02-07,C1318,New,Satin Dress,Dresses,2,35000.0,5.65,66044.06,42000,24044.06,Walk-in,Transfer,2,Delivered,No,No,3,No,Feb,2
LL10973,2025-10-21,C1448,New,Leather Tote,Bags,3,34665.43,16.8,86521.86,67500,19021.86,Referral,Transfer,4,Delivered,No,No,3,No,Oct,10
LL10974,2025-06-07,C1363,New,Wide-Leg Trousers,Trousers,1,28000.0,10.03,25192.88,17000,8192.88,Instagram,Transfer,1,Delivered,No,No,3,No,Jun,6
LL10975,2025-07-19,C1010,Returning,Premium Jumpsuit,Jumpsuits,1,48094.61,20.63,38170.52,34000,4170.52,Google,Card,2,Delivered,No,No,5,Yes,Jul,7
LL10976,2025-05-25,C1413,New,Knit Cardigan,Tops,3,24000.0,5.58,67983.96,43500,24483.96,Instagram,Transfer,4,Delivered,No,No,3,No,May,5
LL10977,2025-03-22,C1246,New,Wide-Leg Trousers,Trousers,2,28000.0,15.25,47461.83,34000,13461.83,Google,Transfer,2,Delivered,No,Yes,3,Yes,Mar,3
LL10978,2025-01-31,C1102,Returning,Classic Blazer,Outerwear,1,48000.0,8.18,44074.45,30000,14074.45,WhatsApp,USSD,6,Delivered,No,No,3,Yes,Jan,1
LL10979,2025-10-06,C1459,Returning,Wide-Leg Trousers,Trousers,1,26201.93,15.61,0.0,17000,0.0,Referral,Cash,3,Cancelled,No,No,4,Yes,Oct,10
LL10980,2025-02-20,C1232,Returning,Silk Scarf,Accessories,1,12000.0,18.04,9835.18,5500,4335.18,TikTok,Transfer,1,Delivered,No,No,4,Yes,Feb,2
LL10981,2025-07-08,C1112,Returning,Wide-Leg Trousers,Trousers,2,26348.5,21.89,41162.32,34000,7162.32,TikTok,Card,5,Delivered,No,No,4,Yes,Jul,7
LL10982,2025-09-04,C1441,Returning,Basic Bodysuit,Tops,1,14308.52,22.61,11073.67,9000,2073.67,Walk-in,Transfer,6,Delivered,No,No,3,Yes,Sep,9
LL10983,2025-03-20,C1301,New,Statement Earrings,Accessories,1,9000.0,4.67,8579.82,3500,5079.82,Instagram,Cash,1,Delivered,No,No,3,No,Mar,3
LL10984,2025-06-07,C1066,New,Maxi Skirt,Skirts,2,26000.0,6.86,48435.02,31000,17435.02,Instagram,Transfer,1,Delivered,No,No,4,No,Jun,6
LL10985,2025-01-28,C1306,New,Wide-Leg Trousers,Trousers,1,28000.0,11.46,24792.41,17000,7792.41,Instagram,Card,4,Delivered,No,No,4,No,Jan,1
LL10986,2025-10-06,C1194,Returning,Maxi Skirt,Skirts,2,23574.32,18.88,38246.71,31000,7246.71,Instagram,Cash,2,Delivered,No,No,2,Yes,Oct,10
LL10987,2025-11-16,C1245,Returning,Silk Scarf,Accessories,2,11495.04,24.04,17463.13,11000,6463.13,WhatsApp,Cash,1,Delivered,No,No,4,Yes,Nov,11
LL10988,2025-10-19,C1375,New,Knit Cardigan,Tops,1,22846.17,10.46,20455.46,14500,5955.46,Google,Transfer,3,Delivered,No,No,4,No,Oct,10
LL10989,2025-07-23,C1325,Returning,Wide-Leg Trousers,Trousers,2,25519.89,13.97,43908.16,34000,9908.16,Instagram,Card,7,Delivered,No,Yes,3,Yes,Jul,7
LL10990,2025-04-20,C1353,New,Statement Earrings,Accessories,2,9000.0,12.49,15751.4,7000,8751.4,Google,Card,5,Delivered,No,No,3,No,Apr,4
LL10991,2025-12-07,C1146,Returning,Premium Jumpsuit,Jumpsuits,1,47855.37,20.8,5880.28,34000,-5396.05,WhatsApp,Card,7,Returned,Yes,Yes,3,Yes,Dec,12
LL10992,2025-02-04,C1325,New,Mini Handbag,Bags,1,22000.0,1.95,21571.09,12500,9071.09,WhatsApp,Card,2,Delivered,No,No,4,No,Feb,2
LL10993,2025-04-13,C1202,New,Mini Handbag,Bags,1,22000.0,11.37,4020.44,12500,-859.31,Google,Card,2,Returned,Yes,Yes,3,No,Apr,4
LL10994,2025-09-03,C1192,New,Silk Scarf,Accessories,1,11435.1,19.23,9236.46,5500,3736.46,WhatsApp,Cash,4,Delivered,No,No,3,No,Sep,9
LL10995,2025-07-03,C1247,Returning,Maxi Skirt,Skirts,2,24091.92,18.45,39292.52,31000,8292.52,WhatsApp,Card,6,Delivered,No,No,4,Yes,Jul,7
LL10996,2025-04-08,C1456,Returning,Premium Jumpsuit,Jumpsuits,3,52000.0,7.0,145086.47,102000,43086.47,Instagram,USSD,5,Delivered,No,No,4,Yes,Apr,4
LL10997,2025-01-19,C1332,Returning,Basic Bodysuit,Tops,1,15000.0,6.69,13996.89,9000,4996.89,TikTok,Transfer,1,Delivered,No,No,4,Yes,Jan,1
LL10998,2025-11-02,C1208,New,Satin Dress,Dresses,1,33982.54,13.5,29394.83,21000,8394.83,Referral,Transfer,3,Delivered,No,No,4,Yes,Nov,11
LL10999,2025-06-09,C1316,Returning,Knit Cardigan,Tops,1,24000.0,9.54,21710.76,14500,7210.76,Referral,Transfer,2,Delivered,No,No,3,Yes,Jun,6
LL11000,2025-06-15,C1075,New,Classic Blazer,Outerwear,1,48000.0,5.87,45180.07,30000,15180.07,TikTok,Card,5,Delivered,No,No,5,No,Jun,6
LL11001,2025-12-15,C1495,New,Wide-Leg Trousers,Trousers,1,27314.95,14.16,23445.89,17000,6445.89,Instagram,Transfer,6,Delivered,No,No,2,No,Dec,12
LL11002,2025-05-12,C1093,New,Classic Blazer,Outerwear,1,48000.0,4.46,45860.39,30000,15860.39,WhatsApp,Transfer,4,Delivered,No,No,4,No,May,5
LL11003,2025-07-03,C1045,Returning,Linen Two-Piece,Two-Piece Sets,2,38169.13,17.84,13737.42,54000,-5920.53,TikTok,Transfer,2,Returned,Yes,Yes,2,Yes,Jul,7
LL11004,2025-11-14,C1218,Returning,Statement Earrings,Accessories,2,8818.78,29.15,12496.53,7000,5496.53,Instagram,Transfer,5,Delivered,No,No,3,Yes,Nov,11
LL11005,2025-07-21,C1363,Returning,Mini Handbag,Bags,1,20667.26,14.5,17669.51,12500,5169.51,TikTok,Transfer,5,Delivered,No,No,4,Yes,Jul,7
LL11006,2025-02-17,C1096,Returning,Satin Dress,Dresses,1,35000.0,15.08,29723.05,21000,8723.05,WhatsApp,USSD,1,Delivered,No,No,3,Yes,Feb,2
LL11007,2025-11-01,C1182,Returning,Premium Jumpsuit,Jumpsuits,1,47985.22,23.29,0.0,34000,0.0,Google,Cash,4,Cancelled,No,No,2,Yes,Nov,11
LL11008,2025-01-09,C1115,New,Maxi Skirt,Skirts,1,26000.0,14.73,0.0,15500,0.0,Instagram,Card,1,Cancelled,No,No,3,No,Jan,1
LL11009,2025-02-26,C1257,New,Premium Jumpsuit,Jumpsuits,2,52000.0,7.5,96196.91,68000,28196.91,TikTok,Transfer,1,Delivered,No,No,5,No,Feb,2
LL11010,2025-05-10,C1255,Returning,Leather Tote,Bags,3,38000.0,1.91,111816.96,67500,44316.96,Referral,Transfer,3,Delivered,No,No,3,Yes,May,5
LL11011,2025-05-16,C1251,Returning,Linen Two-Piece,Two-Piece Sets,1,42000.0,4.19,40238.86,27000,13238.86,TikTok,Transfer,2,Delivered,No,No,4,Yes,May,5
LL11012,2025-07-09,C1163,New,Premium Jumpsuit,Jumpsuits,1,50583.63,21.87,2726.56,34000,-6145.87,Google,Transfer,4,Returned,Yes,Yes,3,No,Jul,7
LL11013,2025-06-29,C1428,Returning,Statement Earrings,Accessories,1,9000.0,8.08,8272.85,3500,4772.85,WhatsApp,Cash,1,Delivered,No,No,5,Yes,Jun,6
LL11014,2025-06-10,C1087,Returning,Linen Two-Piece,Two-Piece Sets,3,42000.0,9.89,113533.64,81000,32533.64,Referral,Card,3,Delivered,No,No,3,Yes,Jun,6
LL11015,2025-01-04,C1178,Returning,Knit Cardigan,Tops,1,24000.0,6.0,22559.95,14500,8059.95,Instagram,Card,1,Delivered,No,No,3,Yes,Jan,1
LL11016,2025-04-13,C1033,Returning,Basic Bodysuit,Tops,1,15000.0,9.82,13527.12,9000,4527.12,Referral,Card,1,Delivered,No,No,3,Yes,Apr,4
LL11017,2025-09-26,C1114,New,Leather Tote,Bags,2,34586.7,17.85,56825.27,45000,11825.27,TikTok,Transfer,5,Delivered,No,No,4,No,Sep,9
LL11018,2025-10-11,C1004,Returning,Linen Two-Piece,Two-Piece Sets,1,38389.72,11.95,33800.71,27000,6800.71,Instagram,USSD,7,Delivered,No,Yes,2,Yes,Oct,10
LL11019,2025-08-15,C1118,Returning,Wide-Leg Trousers,Trousers,1,27424.1,12.88,23891.41,17000,6891.41,TikTok,Card,4,Delivered,No,No,3,Yes,Aug,8
LL11020,2025-08-15,C1079,New,Silk Scarf,Accessories,1,10925.77,19.9,8751.19,5500,3251.19,WhatsApp,Card,2,Delivered,No,No,4,Yes,Aug,8
LL11021,2025-02-10,C1353,New,Statement Earrings,Accessories,1,9000.0,10.34,8069.12,3500,4569.12,TikTok,Transfer,5,Delivered,No,No,4,No,Feb,2
LL11022,2025-05-08,C1187,New,Statement Earrings,Accessories,1,9000.0,13.03,7827.71,3500,4327.71,WhatsApp,Cash,1,Delivered,No,No,4,No,May,5
LL11023,2025-08-31,C1044,Returning,Silk Scarf,Accessories,1,11237.82,21.47,8825.13,5500,3325.13,Instagram,Transfer,6,Delivered,No,No,4,Yes,Aug,8
LL11024,2025-07-27,C1417,New,Maxi Skirt,Skirts,1,25403.28,19.52,20443.89,15500,4943.89,Instagram,Transfer,5,Delivered,No,No,5,No,Jul,7
LL11025,2025-09-13,C1403,Returning,Classic Blazer,Outerwear,1,43388.39,21.25,34166.28,30000,4166.28,Instagram,Card,7,Delivered,No,Yes,3,Yes,Sep,9
LL11026,2025-06-08,C1240,New,Linen Two-Piece,Two-Piece Sets,1,42000.0,9.14,38163.11,27000,11163.11,Instagram,Card,1,Delivered,No,No,4,No,Jun,6
LL11027,2025-02-09,C1235,Returning,Wide-Leg Trousers,Trousers,1,28000.0,15.42,23681.73,17000,6681.73,Instagram,Transfer,2,Delivered,No,No,4,Yes,Feb,2
LL11028,2025-03-21,C1235,Returning,Maxi Skirt,Skirts,3,26000.0,6.12,73229.11,46500,26729.11,Referral,USSD,2,Delivered,No,No,4,Yes,Mar,3
LL11029,2025-10-06,C1459,Returning,Basic Bodysuit,Tops,1,13767.33,23.33,0.0,9000,0.0,WhatsApp,Card,5,Cancelled,No,No,5,Yes,Oct,10
LL11030,2025-05-26,C1233,Returning,Premium Jumpsuit,Jumpsuits,1,52000.0,5.96,48900.99,34000,14900.99,TikTok,Transfer,2,Delivered,No,No,4,Yes,May,5
LL11031,2025-10-17,C1343,New,Classic Blazer,Outerwear,1,43973.46,22.34,0.0,30000,0.0,Instagram,Transfer,8,Cancelled,No,Yes,2,No,Oct,10
LL11032,2025-11-16,C1118,Returning,Classic Blazer,Outerwear,1,45069.85,19.32,36360.64,30000,6360.64,Referral,USSD,7,Delivered,No,Yes,2,Yes,Nov,11
LL11033,2025-05-29,C1493,Returning,Satin Dress,Dresses,1,35000.0,9.69,31606.81,21000,10606.81,WhatsApp,Card,5,Delivered,No,No,3,Yes,May,5
LL11034,2025-07-30,C1243,Returning,Premium Jumpsuit,Jumpsuits,1,49534.76,19.45,39901.86,34000,5901.86,Instagram,Transfer,4,Delivered,No,No,3,Yes,Jul,7
LL11035,2025-08-28,C1257,Returning,Knit Cardigan,Tops,1,22462.54,17.59,18511.95,14500,4011.95,TikTok,Card,5,Delivered,No,No,5,Yes,Aug,8
LL11036,2025-05-16,C1421,New,Satin Dress,Dresses,1,35000.0,20.6,27791.73,21000,6791.73,Instagram,Cash,5,Delivered,No,No,4,No,May,5
LL11037,2025-05-05,C1467,New,Statement Earrings,Accessories,1,9000.0,8.45,8239.46,3500,4739.46,TikTok,Transfer,4,Delivered,No,No,3,No,May,5
LL11038,2025-07-30,C1146,Returning,Statement Earrings,Accessories,1,8205.68,23.23,6299.44,3500,2799.44,Walk-in,Cash,6,Delivered,No,No,3,Yes,Jul,7
LL11039,2025-04-02,C1088,New,Silk Scarf,Accessories,3,12000.0,12.44,31522.46,16500,15022.46,WhatsApp,Cash,6,Delivered,No,No,4,No,Apr,4
LL11040,2025-09-18,C1242,New,Maxi Skirt,Skirts,1,24029.64,14.52,20540.77,15500,5040.77,WhatsApp,Card,4,Delivered,No,No,3,No,Sep,9
LL11041,2025-04-10,C1023,Returning,Silk Scarf,Accessories,1,12000.0,6.53,11216.26,5500,5716.26,Instagram,Transfer,3,Delivered,No,No,3,Yes,Apr,4
LL11042,2025-12-02,C1094,New,Leather Tote,Bags,1,36895.79,23.56,28201.67,22500,5701.67,Referral,Card,5,Delivered,No,No,3,No,Dec,12
LL11043,2025-02-25,C1361,Returning,Classic Blazer,Outerwear,1,48000.0,8.79,43782.55,30000,13782.55,Referral,Cash,5,Delivered,No,No,4,Yes,Feb,2
LL11044,2025-05-25,C1146,New,Classic Blazer,Outerwear,2,48000.0,7.43,88871.68,60000,28871.68,Instagram,Transfer,2,Delivered,No,Yes,4,No,May,5
LL11045,2025-01-04,C1299,Returning,Basic Bodysuit,Tops,1,15000.0,18.95,12156.94,9000,3156.94,TikTok,USSD,1,Delivered,No,No,4,Yes,Jan,1
LL11046,2025-06-20,C1126,New,Classic Blazer,Outerwear,1,48000.0,6.39,44931.13,30000,14931.13,WhatsApp,Transfer,1,Delivered,No,No,4,Yes,Jun,6
LL11047,2025-11-30,C1140,New,Maxi Skirt,Skirts,1,23567.32,16.57,19661.26,15500,4161.26,Instagram,Transfer,6,Delivered,No,No,4,No,Nov,11
LL11048,2025-07-04,C1083,Returning,Premium Jumpsuit,Jumpsuits,1,49731.91,4.16,47661.39,34000,13661.39,TikTok,Card,1,Delivered,No,No,4,Yes,Jul,7
LL11049,2025-09-23,C1187,Returning,Silk Scarf,Accessories,2,11216.03,18.82,18210.97,11000,7210.97,Referral,Transfer,5,Delivered,No,No,4,Yes,Sep,9
LL11050,2025-07-23,C1243,New,Knit Cardigan,Tops,1,23423.61,23.81,17845.42,14500,3345.42,Instagram,Transfer,7,Delivered,No,Yes,3,No,Jul,7
LL11051,2025-12-09,C1251,Returning,Maxi Skirt,Skirts,1,24202.63,14.66,20654.78,15500,5154.78,Referral,Cash,1,Delivered,No,No,5,Yes,Dec,12
LL11052,2025-10-24,C1465,Returning,Classic Blazer,Outerwear,1,43735.55,19.32,35287.81,30000,5287.81,WhatsApp,Cash,1,Delivered,No,No,4,Yes,Oct,10
LL11053,2025-05-31,C1438,New,Silk Scarf,Accessories,1,12000.0,13.56,10372.6,5500,4872.6,WhatsApp,Card,4,Delivered,No,No,4,No,May,5
LL11054,2025-10-26,C1456,Returning,Silk Scarf,Accessories,1,11017.49,11.33,9769.3,5500,4269.3,TikTok,Card,7,Delivered,No,Yes,3,Yes,Oct,10
LL11055,2025-04-10,C1116,Returning,Statement Earrings,Accessories,2,9000.0,15.94,15131.66,7000,8131.66,TikTok,Cash,2,Delivered,No,No,4,Yes,Apr,4
LL11056,2025-12-13,C1498,New,Silk Scarf,Accessories,1,11652.78,9.52,10543.47,5500,5043.47,Google,Cash,4,Delivered,No,No,4,No,Dec,12
LL11057,2025-08-16,C1088,Returning,Linen Two-Piece,Two-Piece Sets,1,38233.76,11.57,33808.37,27000,6808.37,TikTok,Transfer,4,Delivered,No,No,4,Yes,Aug,8
LL11058,2025-11-06,C1047,New,Classic Blazer,Outerwear,2,44754.81,20.03,71581.51,60000,11581.51,Walk-in,USSD,4,Delivered,No,No,4,No,Nov,11
LL11059,2025-12-24,C1049,Returning,Statement Earrings,Accessories,2,8702.29,14.02,14965.15,7000,7965.15,Google,Card,4,Delivered,No,Yes,4,Yes,Dec,12
LL11060,2025-10-18,C1108,Returning,Wide-Leg Trousers,Trousers,2,25316.6,29.57,4905.26,34000,-7181.56,Instagram,Card,4,Returned,Yes,Yes,3,Yes,Oct,10
LL11061,2025-09-12,C1396,New,Silk Scarf,Accessories,1,10879.49,14.63,9287.34,5500,3787.34,Google,Card,4,Delivered,No,No,5,Yes,Sep,9
LL11062,2025-12-30,C1220,New,Leather Tote,Bags,1,34468.37,17.39,28475.49,22500,5975.49,Walk-in,Cash,4,Delivered,No,No,4,No,Dec,12
LL11063,2025-09-26,C1484,New,Premium Jumpsuit,Jumpsuits,2,48865.96,12.45,85562.38,68000,17562.38,WhatsApp,USSD,1,Delivered,No,No,4,No,Sep,9
LL11064,2025-03-07,C1133,New,Linen Two-Piece,Two-Piece Sets,2,42000.0,11.49,74350.92,54000,20350.92,Walk-in,Cash,4,Delivered,No,No,4,No,Mar,3
LL11065,2025-08-22,C1060,Returning,Premium Jumpsuit,Jumpsuits,2,47379.92,15.51,80067.05,68000,12067.05,TikTok,Cash,5,Delivered,No,Yes,4,Yes,Aug,8
LL11066,2025-10-08,C1110,New,Mini Handbag,Bags,2,21113.43,20.36,33629.1,25000,8629.1,Instagram,Transfer,3,Delivered,No,No,5,No,Oct,10
LL11067,2025-01-18,C1184,New,Satin Dress,Dresses,1,35000.0,12.42,30652.02,21000,9652.02,Google,Transfer,3,Delivered,No,No,3,Yes,Jan,1
LL11068,2025-07-13,C1196,New,Satin Dress,Dresses,1,34047.45,24.29,25777.17,21000,4777.17,Walk-in,Transfer,3,Delivered,No,No,4,No,Jul,7
LL11069,2025-03-08,C1013,New,Maxi Skirt,Skirts,3,26000.0,16.64,65024.39,46500,18524.39,Instagram,Card,1,Delivered,No,No,4,No,Mar,3
LL11070,2025-10-30,C1135,New,Leather Tote,Bags,1,35797.34,16.13,30023.07,22500,7523.07,WhatsApp,Cash,5,Delivered,No,No,3,No,Oct,10
LL11071,2025-05-18,C1434,New,Silk Scarf,Accessories,1,12000.0,8.37,10995.44,5500,5495.44,Instagram,Card,3,Delivered,No,No,3,No,May,5
LL11072,2025-07-07,C1112,Returning,Leather Tote,Bags,1,35516.86,25.12,26595.2,22500,4095.2,Instagram,Transfer,4,Delivered,No,No,4,Yes,Jul,7
LL11073,2025-04-13,C1242,Returning,Wide-Leg Trousers,Trousers,1,28000.0,11.75,24708.78,17000,7708.78,Referral,USSD,1,Delivered,No,No,4,Yes,Apr,4
LL11074,2025-02-28,C1287,Returning,Silk Scarf,Accessories,1,12000.0,8.94,10927.17,5500,5427.17,WhatsApp,Card,5,Delivered,No,No,4,Yes,Feb,2
LL11075,2025-05-20,C1397,Returning,Classic Blazer,Outerwear,2,48000.0,3.83,92327.44,60000,32327.44,TikTok,Card,1,Delivered,No,No,3,Yes,May,5
LL11076,2025-05-21,C1085,Returning,Silk Scarf,Accessories,2,12000.0,12.86,20913.16,11000,9913.16,TikTok,Transfer,1,Delivered,No,No,3,Yes,May,5
LL11077,2025-01-07,C1346,Returning,Mini Handbag,Bags,1,22000.0,11.12,19554.12,12500,7054.12,WhatsApp,Card,1,Delivered,No,No,4,Yes,Jan,1
LL11078,2025-02-13,C1020,New,Leather Tote,Bags,1,38000.0,12.54,33233.78,22500,10733.78,Instagram,Transfer,3,Delivered,No,No,4,No,Feb,2
LL11079,2025-11-10,C1175,Returning,Wide-Leg Trousers,Trousers,1,26729.37,16.82,22232.17,17000,5232.17,TikTok,Card,3,Delivered,No,Yes,4,Yes,Nov,11
LL11080,2025-06-28,C1366,New,Silk Scarf,Accessories,2,12000.0,13.29,20810.87,11000,9810.87,Google,Card,1,Delivered,No,No,3,No,Jun,6
LL11081,2025-05-22,C1073,New,Mini Handbag,Bags,1,22000.0,4.75,20956.09,12500,8456.09,TikTok,Cash,6,Delivered,No,No,5,No,May,5
LL11082,2025-04-22,C1337,Returning,Linen Two-Piece,Two-Piece Sets,2,42000.0,12.96,73113.89,54000,19113.89,TikTok,USSD,1,Delivered,No,No,3,Yes,Apr,4
LL11083,2025-06-02,C1234,New,Classic Blazer,Outerwear,1,48000.0,12.3,42097.18,30000,12097.18,Instagram,Cash,6,Delivered,No,No,5,No,Jun,6
LL11084,2025-02-13,C1123,New,Mini Handbag,Bags,2,22000.0,11.96,38739.12,25000,13739.12,Walk-in,Cash,1,Delivered,No,No,5,Yes,Feb,2
LL11085,2025-05-08,C1126,Returning,Premium Jumpsuit,Jumpsuits,1,52000.0,14.89,44259.12,34000,10259.12,TikTok,USSD,3,Delivered,No,No,5,Yes,May,5
LL11086,2025-08-05,C1046,Returning,Linen Two-Piece,Two-Piece Sets,1,39411.79,3.17,38163.92,27000,11163.92,Google,Cash,2,Delivered,No,No,5,Yes,Aug,8
LL11087,2025-03-03,C1299,Returning,Maxi Skirt,Skirts,1,26000.0,18.88,21090.5,15500,5590.5,Instagram,Card,2,Delivered,No,No,4,Yes,Mar,3
LL11088,2025-03-10,C1134,Returning,Maxi Skirt,Skirts,1,26000.0,10.98,23145.34,15500,7645.34,Instagram,Card,4,Delivered,No,No,3,Yes,Mar,3
LL11089,2025-09-27,C1395,Returning,Linen Two-Piece,Two-Piece Sets,2,38536.06,16.61,64268.79,54000,10268.79,WhatsApp,Cash,5,Delivered,No,No,4,Yes,Sep,9
LL11090,2025-12-12,C1150,Returning,Mini Handbag,Bags,2,20593.4,10.61,36816.12,25000,11816.12,WhatsApp,Transfer,7,Delivered,No,Yes,3,Yes,Dec,12
LL11091,2025-07-14,C1187,Returning,Classic Blazer,Outerwear,1,45424.92,14.85,38678.4,30000,8678.4,Referral,Cash,2,Delivered,No,No,4,Yes,Jul,7
LL11092,2025-11-16,C1050,New,Statement Earrings,Accessories,1,8720.52,16.29,7300.21,3500,3800.21,WhatsApp,Card,7,Delivered,No,Yes,3,Yes,Nov,11
LL11093,2025-12-15,C1010,Returning,Knit Cardigan,Tops,1,23065.61,18.79,18731.47,14500,4231.47,Instagram,Card,5,Delivered,No,No,4,Yes,Dec,12
LL11094,2025-01-20,C1330,Returning,Statement Earrings,Accessories,1,9000.0,7.58,8317.84,3500,4817.84,TikTok,Transfer,1,Delivered,No,No,4,Yes,Jan,1
LL11095,2025-02-01,C1265,New,Statement Earrings,Accessories,1,9000.0,3.87,8651.49,3500,5151.49,TikTok,Transfer,3,Delivered,No,No,4,No,Feb,2
LL11096,2025-07-15,C1486,New,Wide-Leg Trousers,Trousers,1,27311.88,21.04,21564.12,17000,4564.12,TikTok,USSD,6,Delivered,No,No,3,No,Jul,7
LL11097,2025-12-30,C1216,Returning,Statement Earrings,Accessories,1,8291.29,18.34,6770.58,3500,3270.58,Walk-in,Card,6,Delivered,No,No,5,Yes,Dec,12
LL11098,2025-11-18,C1182,New,Linen Two-Piece,Two-Piece Sets,2,40618.64,18.6,66128.78,54000,12128.78,TikTok,Cash,2,Delivered,No,No,4,No,Nov,11
LL11099,2025-03-22,C1197,New,Premium Jumpsuit,Jumpsuits,1,52000.0,1.42,51263.67,34000,17263.67,TikTok,Card,1,Delivered,No,No,4,No,Mar,3
LL11100,2025-05-20,C1440,New,Classic Blazer,Outerwear,1,48000.0,8.53,43907.73,30000,13907.73,TikTok,Cash,1,Delivered,No,No,3,No,May,5
LL11101,2025-08-09,C1392,New,Premium Jumpsuit,Jumpsuits,2,48301.64,19.48,77784.81,68000,9784.81,Instagram,Transfer,6,Delivered,No,No,5,No,Aug,8
LL11102,2025-07-22,C1229,Returning,Statement Earrings,Accessories,2,8776.24,18.81,14250.1,7000,7250.1,WhatsApp,Transfer,7,Delivered,No,Yes,3,Yes,Jul,7
LL11103,2025-07-23,C1202,Returning,Statement Earrings,Accessories,1,8284.77,26.1,6122.13,3500,2622.13,WhatsApp,USSD,4,Delivered,No,No,4,Yes,Jul,7
LL11104,2025-04-30,C1353,Returning,Satin Dress,Dresses,1,35000.0,14.61,6761.46,21000,-1469.74,Instagram,Card,4,Returned,Yes,Yes,3,Yes,Apr,4
LL11105,2025-08-27,C1042,Returning,Premium Jumpsuit,Jumpsuits,2,46971.68,25.09,70368.9,68000,2368.9,Google,Card,2,Delivered,No,No,4,Yes,Aug,8
LL11106,2025-09-15,C1311,New,Satin Dress,Dresses,1,32028.17,28.14,23015.51,21000,2015.51,WhatsApp,Transfer,8,Delivered,No,Yes,3,No,Sep,9
LL11107,2025-09-09,C1021,New,Classic Blazer,Outerwear,1,45775.56,26.38,3300.95,30000,-2052.48,Instagram,Card,4,Returned,Yes,Yes,3,Yes,Sep,9
LL11108,2025-03-14,C1433,New,Silk Scarf,Accessories,2,12000.0,6.88,22348.32,11000,11348.32,Instagram,Card,2,Delivered,No,No,4,No,Mar,3
LL11109,2025-05-06,C1008,New,Wide-Leg Trousers,Trousers,1,28000.0,11.36,24819.55,17000,7819.55,TikTok,Card,1,Delivered,No,No,4,No,May,5
LL11110,2025-12-13,C1032,Returning,Mini Handbag,Bags,1,19846.98,28.77,14137.05,12500,1637.05,TikTok,Transfer,5,Delivered,No,No,3,Yes,Dec,12
LL11111,2025-06-05,C1471,Returning,Leather Tote,Bags,1,38000.0,6.26,35619.8,22500,13119.8,TikTok,Transfer,3,Delivered,No,No,4,Yes,Jun,6
LL11112,2025-08-01,C1333,New,Maxi Skirt,Skirts,1,24667.8,14.49,21094.51,15500,5594.51,Instagram,Transfer,4,Delivered,No,No,5,No,Aug,8
LL11113,2025-08-14,C1392,New,Silk Scarf,Accessories,2,11482.24,13.28,19913.93,11000,8913.93,Walk-in,Card,3,Delivered,No,No,4,No,Aug,8
LL11114,2025-02-06,C1070,Returning,Premium Jumpsuit,Jumpsuits,2,52000.0,13.95,89488.5,68000,21488.5,Instagram,Card,1,Delivered,No,No,4,Yes,Feb,2
LL11115,2025-06-08,C1446,New,Linen Two-Piece,Two-Piece Sets,2,42000.0,9.65,75895.83,54000,21895.83,TikTok,Cash,1,Delivered,No,No,5,No,Jun,6
LL11116,2025-05-02,C1247,New,Maxi Skirt,Skirts,1,26000.0,9.6,3576.7,15500,-2088.44,WhatsApp,Transfer,3,Returned,Yes,Yes,4,Yes,May,5
LL11117,2025-10-04,C1382,Returning,Maxi Skirt,Skirts,1,25101.67,13.98,21591.43,15500,6091.43,Google,Transfer,3,Delivered,No,No,3,Yes,Oct,10
LL11118,2025-06-13,C1461,Returning,Silk Scarf,Accessories,2,12000.0,8.58,21941.41,11000,10941.41,Instagram,Transfer,3,Delivered,No,No,4,Yes,Jun,6
LL11119,2025-11-16,C1464,Returning,Wide-Leg Trousers,Trousers,1,26109.17,21.65,20455.66,17000,3455.66,Walk-in,Card,4,Delivered,No,No,4,Yes,Nov,11
LL11120,2025-10-18,C1043,Returning,Mini Handbag,Bags,1,21556.83,16.47,18007.11,12500,5507.11,Walk-in,USSD,7,Delivered,No,Yes,3,Yes,Oct,10
LL11121,2025-06-16,C1063,New,Basic Bodysuit,Tops,1,15000.0,19.03,12145.23,9000,3145.23,Instagram,Card,2,Delivered,No,No,4,No,Jun,6
LL11122,2025-02-16,C1005,Returning,Wide-Leg Trousers,Trousers,2,28000.0,7.35,51882.17,34000,17882.17,Walk-in,Transfer,4,Delivered,No,No,4,Yes,Feb,2
LL11123,2025-05-19,C1438,New,Statement Earrings,Accessories,1,9000.0,0.0,9000.0,3500,5500.0,TikTok,USSD,2,Delivered,No,No,5,No,May,5
LL11124,2025-05-09,C1405,Returning,Silk Scarf,Accessories,3,12000.0,0.0,36000.0,16500,19500.0,TikTok,Card,4,Delivered,No,No,4,Yes,May,5
LL11125,2025-06-29,C1174,Returning,Maxi Skirt,Skirts,1,26000.0,9.94,23415.96,15500,7915.96,TikTok,Card,3,Delivered,No,No,4,Yes,Jun,6
LL11126,2025-03-30,C1161,New,Maxi Skirt,Skirts,1,26000.0,8.31,23838.13,15500,8338.13,Referral,Cash,3,Delivered,No,No,3,No,Mar,3
LL11127,2025-01-25,C1465,New,Silk Scarf,Accessories,2,12000.0,11.2,21312.54,11000,10312.54,Instagram,Transfer,6,Delivered,No,No,3,Yes,Jan,1
LL11128,2025-05-22,C1248,New,Silk Scarf,Accessories,1,12000.0,6.48,11222.11,5500,5722.11,Instagram,Card,3,Delivered,No,No,4,No,May,5
LL11129,2025-04-07,C1108,Returning,Premium Jumpsuit,Jumpsuits,1,52000.0,25.15,38924.36,34000,4924.36,WhatsApp,Card,5,Delivered,No,No,3,Yes,Apr,4
LL11130,2025-06-28,C1489,New,Classic Blazer,Outerwear,1,48000.0,13.49,41524.2,30000,11524.2,WhatsApp,Card,3,Delivered,No,No,4,Yes,Jun,6
LL11131,2025-08-21,C1417,New,Basic Bodysuit,Tops,2,14494.96,26.25,21379.27,18000,3379.27,Referral,Transfer,7,Delivered,No,Yes,2,Yes,Aug,8
LL11132,2025-10-01,C1175,New,Maxi Skirt,Skirts,1,25068.62,19.23,20248.29,15500,4748.29,WhatsApp,Card,3,Delivered,No,No,4,No,Oct,10
LL11133,2025-05-23,C1282,New,Leather Tote,Bags,1,38000.0,15.44,32131.12,22500,9631.12,Google,Transfer,1,Delivered,No,No,3,No,May,5
LL11134,2025-05-26,C1230,Returning,Linen Two-Piece,Two-Piece Sets,1,42000.0,0.0,42000.0,27000,15000.0,Instagram,Card,4,Delivered,No,No,4,Yes,May,5
LL11135,2025-11-29,C1393,Returning,Statement Earrings,Accessories,1,8429.43,18.26,6890.55,3500,3390.55,TikTok,Card,2,Delivered,No,No,3,Yes,Nov,11
LL11136,2025-05-25,C1186,New,Leather Tote,Bags,2,38000.0,11.92,66940.19,45000,21940.19,Instagram,Transfer,3,Delivered,No,No,4,No,May,5
LL11137,2025-10-30,C1013,Returning,Silk Scarf,Accessories,2,11559.25,24.56,17440.2,11000,6440.2,WhatsApp,Transfer,2,Delivered,No,No,4,Yes,Oct,10
LL11138,2025-11-11,C1013,New,Linen Two-Piece,Two-Piece Sets,1,39101.8,22.04,30483.15,27000,3483.15,Instagram,Transfer,5,Delivered,No,No,2,No,Nov,11
LL11139,2025-02-21,C1492,Returning,Statement Earrings,Accessories,1,9000.0,6.96,8374.01,3500,4874.01,TikTok,Cash,1,Delivered,No,No,4,Yes,Feb,2
LL11140,2025-08-20,C1402,New,Silk Scarf,Accessories,1,10978.69,22.23,8538.3,5500,3038.3,TikTok,Cash,5,Delivered,No,No,4,No,Aug,8
LL11141,2025-10-19,C1381,Returning,Basic Bodysuit,Tops,1,14585.17,25.9,10808.07,9000,1808.07,Referral,Transfer,6,Delivered,No,No,4,Yes,Oct,10
LL11142,2025-07-22,C1130,New,Wide-Leg Trousers,Trousers,1,27260.73,25.25,20377.34,17000,3377.34,Walk-in,Transfer,6,Delivered,No,No,5,No,Jul,7
LL11143,2025-01-22,C1256,Returning,Statement Earrings,Accessories,2,9000.0,8.17,16529.33,7000,9529.33,Walk-in,Card,1,Delivered,No,No,4,Yes,Jan,1
LL11144,2025-07-07,C1390,Returning,Silk Scarf,Accessories,1,11056.52,21.24,8707.91,5500,3207.91,Instagram,Card,3,Delivered,No,No,3,Yes,Jul,7
LL11145,2025-02-06,C1003,New,Linen Two-Piece,Two-Piece Sets,1,42000.0,6.78,39151.63,27000,12151.63,Instagram,USSD,3,Delivered,No,No,4,No,Feb,2
LL11146,2025-04-10,C1145,New,Knit Cardigan,Tops,1,24000.0,11.82,21163.18,14500,6663.18,WhatsApp,Card,1,Delivered,No,No,4,No,Apr,4
LL11147,2025-01-02,C1250,New,Premium Jumpsuit,Jumpsuits,1,52000.0,10.23,46678.03,34000,12678.03,Instagram,Card,2,Delivered,No,No,4,No,Jan,1
LL11148,2025-12-04,C1049,Returning,Maxi Skirt,Skirts,1,25479.84,27.42,18494.21,15500,2994.21,TikTok,Card,5,Delivered,No,No,4,Yes,Dec,12
LL11149,2025-07-22,C1378,Returning,Knit Cardigan,Tops,2,21816.41,6.49,40801.13,29000,11801.13,WhatsApp,Transfer,4,Delivered,No,No,4,Yes,Jul,7
LL11150,2025-10-11,C1496,Returning,Knit Cardigan,Tops,1,22078.12,12.2,0.0,14500,0.0,Walk-in,Cash,4,Cancelled,No,No,4,Yes,Oct,10
LL11151,2025-09-21,C1295,New,Linen Two-Piece,Two-Piece Sets,1,39806.74,16.55,33219.23,27000,6219.23,Referral,Card,1,Delivered,No,No,3,No,Sep,9
LL11152,2025-09-01,C1379,New,Satin Dress,Dresses,1,32548.46,34.15,1767.93,21000,-3529.88,Walk-in,Transfer,6,Returned,Yes,Yes,3,No,Sep,9
LL11153,2025-02-08,C1176,Returning,Classic Blazer,Outerwear,2,48000.0,8.49,87846.82,60000,27846.82,Instagram,Card,2,Delivered,No,No,5,Yes,Feb,2
LL11154,2025-01-27,C1054,Returning,Basic Bodysuit,Tops,1,15000.0,15.34,12698.9,9000,3698.9,WhatsApp,Transfer,3,Delivered,No,No,4,Yes,Jan,1
LL11155,2025-12-08,C1371,New,Statement Earrings,Accessories,1,8151.05,24.68,0.0,3500,0.0,Referral,Transfer,3,Cancelled,No,No,3,Yes,Dec,12
LL11156,2025-10-09,C1394,Returning,Statement Earrings,Accessories,1,8441.95,25.57,6283.43,3500,2783.43,WhatsApp,Card,4,Delivered,No,No,4,Yes,Oct,10
LL11157,2025-01-15,C1270,Returning,Maxi Skirt,Skirts,1,26000.0,7.3,24101.26,15500,8601.26,Instagram,Card,3,Delivered,No,No,3,Yes,Jan,1
LL11158,2025-02-20,C1126,New,Leather Tote,Bags,1,38000.0,14.32,32557.66,22500,10057.66,Google,Card,4,Delivered,No,No,4,No,Feb,2
LL11159,2025-02-23,C1311,Returning,Premium Jumpsuit,Jumpsuits,3,52000.0,11.55,0.0,102000,0.0,WhatsApp,USSD,2,Cancelled,No,No,4,Yes,Feb,2
LL11160,2025-10-10,C1335,Returning,Basic Bodysuit,Tops,1,13901.34,19.77,11153.62,9000,2153.62,TikTok,USSD,4,Delivered,No,No,5,Yes,Oct,10
LL11161,2025-01-03,C1392,New,Classic Blazer,Outerwear,1,48000.0,13.65,0.0,30000,0.0,Google,Transfer,1,Cancelled,No,No,4,No,Jan,1
LL11162,2025-10-28,C1111,Returning,Knit Cardigan,Tops,1,22904.98,9.38,20756.39,14500,6256.39,Referral,USSD,5,Delivered,No,No,5,Yes,Oct,10
LL11163,2025-07-16,C1039,New,Wide-Leg Trousers,Trousers,1,25485.97,13.4,22071.31,17000,5071.31,Google,Card,6,Delivered,No,No,4,No,Jul,7
LL11164,2025-10-27,C1408,New,Basic Bodysuit,Tops,1,14366.31,27.66,10393.22,9000,1393.22,Referral,Transfer,2,Delivered,No,No,4,Yes,Oct,10
LL11165,2025-07-30,C1250,Returning,Statement Earrings,Accessories,1,8673.89,17.22,7180.37,3500,3680.37,Instagram,Transfer,6,Delivered,No,Yes,4,Yes,Jul,7
LL11166,2025-03-03,C1283,Returning,Knit Cardigan,Tops,2,24000.0,15.31,40649.32,29000,11649.32,Instagram,Transfer,3,Delivered,No,No,3,Yes,Mar,3
LL11167,2025-01-17,C1269,Returning,Maxi Skirt,Skirts,1,26000.0,9.57,23512.81,15500,8012.81,WhatsApp,Card,3,Delivered,No,No,3,Yes,Jan,1
LL11168,2025-07-07,C1376,New,Maxi Skirt,Skirts,1,23884.18,17.02,19818.98,15500,4318.98,Instagram,Transfer,4,Delivered,No,No,4,No,Jul,7
LL11169,2025-01-04,C1119,Returning,Wide-Leg Trousers,Trousers,1,28000.0,14.7,1374.53,17000,-2956.6,Instagram,Card,1,Returned,Yes,Yes,3,Yes,Jan,1
LL11170,2025-03-04,C1029,Returning,Basic Bodysuit,Tops,2,15000.0,6.77,0.0,18000,0.0,TikTok,Transfer,3,Cancelled,No,No,4,Yes,Mar,3
LL11171,2025-03-06,C1082,New,Wide-Leg Trousers,Trousers,2,28000.0,18.75,3515.14,34000,-3130.01,WhatsApp,Transfer,4,Returned,Yes,Yes,3,No,Mar,3
LL11172,2025-05-01,C1259,Returning,Leather Tote,Bags,1,38000.0,8.9,34619.85,22500,12119.85,Instagram,USSD,3,Delivered,No,No,4,Yes,May,5
LL11173,2025-12-23,C1428,Returning,Knit Cardigan,Tops,1,22721.7,22.3,17654.1,14500,3154.1,TikTok,Transfer,2,Delivered,No,No,3,Yes,Dec,12
LL11174,2025-02-01,C1145,Returning,Mini Handbag,Bags,1,22000.0,9.04,20010.95,12500,7510.95,Walk-in,Cash,1,Delivered,No,No,4,Yes,Feb,2
LL11175,2025-09-16,C1393,New,Linen Two-Piece,Two-Piece Sets,1,40791.45,19.37,32890.55,27000,5890.55,Referral,USSD,3,Delivered,No,No,3,Yes,Sep,9
LL11176,2025-10-30,C1235,Returning,Wide-Leg Trousers,Trousers,2,26562.63,18.79,43141.82,34000,9141.82,WhatsApp,Transfer,1,Delivered,No,No,3,Yes,Oct,10
LL11177,2025-03-18,C1230,New,Premium Jumpsuit,Jumpsuits,1,52000.0,9.3,47165.93,34000,13165.93,WhatsApp,Card,3,Delivered,No,No,4,No,Mar,3
LL11178,2025-10-17,C1208,Returning,Linen Two-Piece,Two-Piece Sets,1,39112.29,17.0,32461.85,27000,5461.85,Instagram,Cash,7,Delivered,No,Yes,2,Yes,Oct,10
LL11179,2025-05-28,C1439,Returning,Premium Jumpsuit,Jumpsuits,2,52000.0,21.46,81686.24,68000,13686.24,Google,Cash,4,Delivered,No,No,4,Yes,May,5
LL11180,2025-02-02,C1200,New,Premium Jumpsuit,Jumpsuits,1,52000.0,9.04,47301.69,34000,13301.69,WhatsApp,Card,3,Delivered,No,No,4,Yes,Feb,2
LL11181,2025-02-17,C1258,Returning,Mini Handbag,Bags,1,22000.0,7.23,20409.55,12500,7909.55,Referral,Transfer,1,Delivered,No,No,4,Yes,Feb,2
LL11182,2025-08-09,C1390,Returning,Knit Cardigan,Tops,1,22743.01,23.97,17292.03,14500,2792.03,WhatsApp,Transfer,1,Delivered,No,No,4,Yes,Aug,8
LL11183,2025-10-13,C1424,Returning,Satin Dress,Dresses,1,33736.3,19.58,27129.69,21000,6129.69,Instagram,Transfer,6,Delivered,No,No,3,Yes,Oct,10
LL11184,2025-08-28,C1320,Returning,Satin Dress,Dresses,1,34037.1,17.98,27917.42,21000,6917.42,Instagram,Card,7,Delivered,No,Yes,5,Yes,Aug,8
LL11185,2025-09-04,C1394,Returning,Satin Dress,Dresses,1,33294.5,22.43,25825.84,21000,4825.84,Walk-in,Transfer,2,Delivered,No,No,4,Yes,Sep,9
LL11186,2025-10-21,C1154,Returning,Basic Bodysuit,Tops,1,14142.62,25.69,0.0,9000,0.0,Walk-in,Transfer,3,Cancelled,No,No,4,Yes,Oct,10
LL11187,2025-12-28,C1056,Returning,Wide-Leg Trousers,Trousers,1,26143.55,26.04,19336.53,17000,2336.53,Google,Card,7,Delivered,No,Yes,3,Yes,Dec,12
LL11188,2025-10-04,C1072,Returning,Premium Jumpsuit,Jumpsuits,2,49220.54,18.73,14976.95,68000,-15419.14,Referral,Cash,4,Returned,Yes,Yes,2,Yes,Oct,10
LL11189,2025-04-27,C1259,New,Premium Jumpsuit,Jumpsuits,1,52000.0,15.8,43783.79,34000,9783.79,Instagram,USSD,5,Delivered,No,No,4,No,Apr,4
LL11190,2025-05-05,C1256,Returning,Statement Earrings,Accessories,3,9000.0,10.58,24144.43,10500,13644.43,Walk-in,Transfer,2,Delivered,No,No,4,Yes,May,5
LL11191,2025-02-26,C1294,New,Statement Earrings,Accessories,1,9000.0,15.7,7586.6,3500,4086.6,Referral,USSD,1,Delivered,No,No,4,Yes,Feb,2
LL11192,2025-08-14,C1218,Returning,Knit Cardigan,Tops,2,23115.23,7.83,42611.43,29000,13611.43,Walk-in,Card,6,Delivered,No,No,3,Yes,Aug,8
LL11193,2025-10-19,C1154,Returning,Classic Blazer,Outerwear,1,43969.38,30.52,30551.6,30000,551.6,WhatsApp,Card,5,Delivered,No,No,4,Yes,Oct,10
LL11194,2025-08-02,C1149,New,Mini Handbag,Bags,1,21019.81,16.19,17616.99,12500,5116.99,Instagram,Transfer,7,Delivered,No,Yes,3,No,Aug,8
LL11195,2025-01-17,C1112,New,Leather Tote,Bags,1,38000.0,15.09,32264.86,22500,9764.86,Google,Cash,1,Delivered,No,No,4,Yes,Jan,1
LL11196,2025-07-22,C1267,New,Statement Earrings,Accessories,2,8615.06,13.63,14881.68,7000,7881.68,WhatsApp,Card,7,Delivered,No,Yes,3,No,Jul,7
LL11197,2025-02-03,C1314,Returning,Knit Cardigan,Tops,1,24000.0,11.46,21249.65,14500,6749.65,Instagram,Card,2,Delivered,No,No,4,Yes,Feb,2
LL11198,2025-08-19,C1215,New,Basic Bodysuit,Tops,1,14597.43,21.71,11427.89,9000,2427.89,Instagram,Transfer,5,Delivered,No,No,3,No,Aug,8
LL11199,2025-02-05,C1410,Returning,Wide-Leg Trousers,Trousers,1,28000.0,16.3,5512.84,17000,-2747.17,Google,Card,2,Returned,Yes,Yes,3,Yes,Feb,2
LL11200,2025-03-09,C1432,Returning,Mini Handbag,Bags,1,22000.0,5.7,20746.18,12500,8246.18,Instagram,Transfer,1,Delivered,No,No,5,Yes,Mar,3
LL11201,2025-02-21,C1116,New,Satin Dress,Dresses,1,35000.0,15.68,29512.84,21000,8512.84,Walk-in,Card,2,Delivered,No,No,4,No,Feb,2
LL11202,2025-04-23,C1030,Returning,Linen Two-Piece,Two-Piece Sets,1,42000.0,7.85,38704.62,27000,11704.62,TikTok,Card,2,Delivered,No,No,3,Yes,Apr,4
LL11203,2025-01-26,C1225,New,Premium Jumpsuit,Jumpsuits,2,52000.0,8.57,95089.39,68000,27089.39,Google,Transfer,3,Delivered,No,No,4,No,Jan,1
LL11204,2025-11-20,C1012,New,Maxi Skirt,Skirts,1,23436.59,12.46,20516.38,15500,5016.38,Instagram,Transfer,2,Delivered,No,No,4,No,Nov,11
LL11205,2025-04-10,C1055,Returning,Leather Tote,Bags,2,38000.0,3.66,73217.61,45000,28217.61,WhatsApp,Transfer,1,Delivered,No,No,3,Yes,Apr,4
LL11206,2025-09-24,C1269,Returning,Mini Handbag,Bags,1,21483.04,12.95,18701.76,12500,6201.76,Referral,Transfer,1,Delivered,No,No,4,Yes,Sep,9
LL11207,2025-12-19,C1219,Returning,Satin Dress,Dresses,1,33756.6,15.02,28687.46,21000,7687.46,Instagram,Transfer,6,Delivered,No,No,3,Yes,Dec,12
LL11208,2025-06-16,C1084,New,Premium Jumpsuit,Jumpsuits,1,52000.0,17.99,42643.52,34000,8643.52,Instagram,USSD,3,Delivered,No,No,4,Yes,Jun,6
LL11209,2025-09-28,C1448,Returning,Maxi Skirt,Skirts,1,23489.9,13.92,20219.3,15500,4719.3,Google,Transfer,6,Delivered,No,No,3,Yes,Sep,9
LL11210,2025-12-05,C1304,New,Knit Cardigan,Tops,1,21758.86,17.64,17920.28,14500,3420.28,Referral,Transfer,6,Delivered,No,No,4,No,Dec,12
LL11211,2025-12-15,C1276,New,Maxi Skirt,Skirts,3,24028.68,18.06,59068.25,46500,12568.25,Instagram,Transfer,5,Delivered,No,No,3,Yes,Dec,12
LL11212,2025-09-27,C1250,Returning,Linen Two-Piece,Two-Piece Sets,1,40490.78,14.07,34794.41,27000,7794.41,TikTok,Transfer,5,Delivered,No,No,4,Yes,Sep,9
LL11213,2025-10-27,C1481,Returning,Wide-Leg Trousers,Trousers,2,26425.13,17.1,43811.63,34000,9811.63,WhatsApp,USSD,9,Delivered,No,Yes,3,Yes,Oct,10
LL11214,2025-02-12,C1388,New,Knit Cardigan,Tops,3,24000.0,7.14,66861.31,43500,23361.31,WhatsApp,Card,5,Delivered,No,Yes,4,No,Feb,2
LL11215,2025-01-18,C1083,New,Knit Cardigan,Tops,2,24000.0,9.77,43309.71,29000,14309.71,WhatsApp,Card,2,Delivered,No,Yes,3,Yes,Jan,1
LL11216,2025-11-09,C1219,New,Mini Handbag,Bags,2,21077.19,17.9,34608.08,25000,9608.08,Instagram,Transfer,5,Delivered,No,No,4,Yes,Nov,11
LL11217,2025-05-23,C1166,New,Linen Two-Piece,Two-Piece Sets,3,42000.0,21.99,98289.77,81000,17289.77,TikTok,Transfer,4,Delivered,No,No,4,Yes,May,5
LL11218,2025-05-03,C1240,Returning,Silk Scarf,Accessories,1,12000.0,12.3,10523.88,5500,5023.88,Google,Transfer,2,Delivered,No,No,4,Yes,May,5
LL11219,2025-04-17,C1444,Returning,Mini Handbag,Bags,1,22000.0,11.54,19461.94,12500,6961.94,TikTok,USSD,7,Delivered,No,Yes,3,Yes,Apr,4
LL11220,2025-03-21,C1490,New,Satin Dress,Dresses,1,35000.0,11.46,30989.42,21000,9989.42,Instagram,Card,3,Delivered,No,No,4,No,Mar,3
LL11221,2025-03-21,C1045,New,Premium Jumpsuit,Jumpsuits,2,52000.0,4.18,99655.85,68000,31655.85,Instagram,Transfer,4,Delivered,No,No,4,No,Mar,3
LL11222,2025-02-26,C1322,Returning,Premium Jumpsuit,Jumpsuits,1,52000.0,11.86,45831.76,34000,11831.76,TikTok,Card,5,Delivered,No,No,3,Yes,Feb,2
LL11223,2025-08-22,C1409,Returning,Basic Bodysuit,Tops,1,13804.05,21.2,10877.19,9000,1877.19,Google,USSD,5,Delivered,No,No,3,Yes,Aug,8
LL11224,2025-02-12,C1361,New,Maxi Skirt,Skirts,2,26000.0,11.99,45765.23,31000,14765.23,Google,Card,3,Delivered,No,No,5,No,Feb,2
LL11225,2025-07-23,C1384,Returning,Linen Two-Piece,Two-Piece Sets,1,38947.83,11.67,34401.08,27000,7401.08,Instagram,Transfer,8,Delivered,No,Yes,2,Yes,Jul,7
LL11226,2025-11-27,C1107,Returning,Satin Dress,Dresses,1,32386.31,18.92,26258.47,21000,5258.47,Referral,Transfer,6,Delivered,No,No,4,Yes,Nov,11
LL11227,2025-03-06,C1381,Returning,Wide-Leg Trousers,Trousers,1,28000.0,18.48,22824.68,17000,5824.68,WhatsApp,Cash,1,Delivered,No,No,4,Yes,Mar,3
LL11228,2025-05-19,C1492,Returning,Classic Blazer,Outerwear,2,48000.0,5.85,90382.43,60000,30382.43,TikTok,Transfer,6,Delivered,No,No,3,Yes,May,5
LL11229,2025-06-03,C1188,Returning,Mini Handbag,Bags,2,22000.0,9.46,39838.96,25000,14838.96,WhatsApp,Transfer,5,Delivered,No,No,3,Yes,Jun,6
LL11230,2025-02-21,C1493,Returning,Premium Jumpsuit,Jumpsuits,2,52000.0,8.88,94759.86,68000,26759.86,WhatsApp,Card,3,Delivered,No,No,4,Yes,Feb,2
LL11231,2025-08-28,C1490,New,Basic Bodysuit,Tops,1,13947.3,24.07,10589.86,9000,1589.86,Referral,Card,5,Delivered,No,No,4,No,Aug,8
LL11232,2025-08-20,C1440,New,Satin Dress,Dresses,1,33612.21,19.4,27092.66,21000,6092.66,TikTok,Cash,6,Delivered,No,No,5,Yes,Aug,8
LL11233,2025-10-11,C1034,Returning,Maxi Skirt,Skirts,1,24053.97,21.53,18875.74,15500,3375.74,TikTok,Card,5,Delivered,No,No,3,Yes,Oct,10
LL11234,2025-05-17,C1374,Returning,Knit Cardigan,Tops,1,24000.0,15.73,20223.99,14500,5723.99,WhatsApp,Transfer,1,Delivered,No,No,4,Yes,May,5
LL11235,2025-02-24,C1028,New,Leather Tote,Bags,2,38000.0,19.28,61350.55,45000,16350.55,Referral,Cash,3,Delivered,No,No,4,No,Feb,2
LL11236,2025-02-27,C1070,Returning,Knit Cardigan,Tops,1,24000.0,10.83,21399.82,14500,6899.82,Instagram,Transfer,3,Delivered,No,No,3,Yes,Feb,2
LL11237,2025-09-09,C1216,New,Statement Earrings,Accessories,1,8656.79,14.11,7435.71,3500,3935.71,Instagram,USSD,4,Delivered,No,No,4,No,Sep,9
LL11238,2025-10-11,C1357,New,Basic Bodysuit,Tops,2,14587.52,25.02,21875.94,18000,3875.94,Google,Cash,6,Delivered,No,No,5,No,Oct,10
LL11239,2025-06-07,C1337,Returning,Satin Dress,Dresses,2,35000.0,24.33,52969.28,42000,10969.28,TikTok,Cash,2,Delivered,No,No,4,Yes,Jun,6
LL11240,2025-03-05,C1158,New,Statement Earrings,Accessories,2,9000.0,5.83,16949.97,7000,9949.97,WhatsApp,Card,3,Delivered,No,No,3,No,Mar,3
LL11241,2025-12-06,C1412,New,Premium Jumpsuit,Jumpsuits,2,50908.9,25.95,75392.28,68000,7392.28,Referral,Card,3,Delivered,No,No,4,No,Dec,12
LL11242,2025-03-15,C1453,Returning,Premium Jumpsuit,Jumpsuits,1,52000.0,11.78,45872.03,34000,11872.03,TikTok,Card,6,Delivered,No,No,5,Yes,Mar,3
LL11243,2025-07-19,C1395,New,Linen Two-Piece,Two-Piece Sets,1,40557.51,23.26,0.0,27000,0.0,WhatsApp,Transfer,4,Cancelled,No,No,4,Yes,Jul,7
LL11244,2025-10-18,C1112,Returning,Silk Scarf,Accessories,1,11497.93,20.06,9191.18,5500,3691.18,TikTok,USSD,4,Delivered,No,No,3,Yes,Oct,10
LL11245,2025-07-20,C1292,Returning,Silk Scarf,Accessories,1,11048.62,17.13,0.0,5500,0.0,Google,Card,2,Cancelled,No,No,3,Yes,Jul,7
LL11246,2025-09-04,C1112,Returning,Basic Bodysuit,Tops,3,14252.32,22.55,33115.97,27000,6115.97,Referral,Cash,5,Delivered,No,No,5,Yes,Sep,9
LL11247,2025-07-25,C1183,Returning,Wide-Leg Trousers,Trousers,1,27053.1,21.86,21138.16,17000,4138.16,WhatsApp,Card,6,Delivered,No,No,4,Yes,Jul,7
LL11248,2025-06-09,C1386,Returning,Maxi Skirt,Skirts,1,26000.0,6.85,24219.58,15500,8719.58,Google,Card,1,Delivered,No,No,3,Yes,Jun,6
LL11249,2025-02-03,C1121,Returning,Mini Handbag,Bags,3,22000.0,12.92,57474.96,37500,19974.96,Instagram,Card,2,Delivered,No,No,4,Yes,Feb,2
LL11250,2025-05-31,C1432,Returning,Silk Scarf,Accessories,1,12000.0,0.26,11969.38,5500,6469.38,WhatsApp,Transfer,3,Delivered,No,No,5,Yes,May,5
LL11251,2025-11-30,C1003,New,Silk Scarf,Accessories,3,11106.65,16.25,27905.23,16500,11405.23,Instagram,Card,3,Delivered,No,No,3,No,Nov,11
LL11252,2025-09-21,C1370,Returning,Wide-Leg Trousers,Trousers,1,25602.72,17.87,0.0,17000,0.0,WhatsApp,Cash,6,Cancelled,No,No,3,Yes,Sep,9
LL11253,2025-01-27,C1328,Returning,Premium Jumpsuit,Jumpsuits,1,52000.0,3.55,50154.69,34000,16154.69,Referral,Transfer,5,Delivered,No,No,3,Yes,Jan,1
LL11254,2025-10-24,C1264,New,Knit Cardigan,Tops,1,22585.52,13.1,19625.95,14500,5125.95,Instagram,Card,5,Delivered,No,No,4,No,Oct,10
LL11255,2025-02-17,C1202,Returning,Knit Cardigan,Tops,2,24000.0,12.87,41823.22,29000,12823.22,Google,Transfer,3,Delivered,No,No,3,Yes,Feb,2
LL11256,2025-05-13,C1332,New,Wide-Leg Trousers,Trousers,1,28000.0,12.01,24637.85,17000,7637.85,TikTok,Transfer,3,Delivered,No,No,4,Yes,May,5
LL11257,2025-01-28,C1485,Returning,Classic Blazer,Outerwear,1,48000.0,9.54,43420.03,30000,13420.03,WhatsApp,Cash,4,Delivered,No,No,3,Yes,Jan,1
LL11258,2025-04-30,C1109,Returning,Maxi Skirt,Skirts,1,26000.0,11.74,3696.48,15500,-1893.08,WhatsApp,Card,2,Returned,Yes,Yes,2,Yes,Apr,4
LL11259,2025-05-27,C1340,New,Premium Jumpsuit,Jumpsuits,1,52000.0,1.32,51315.49,34000,17315.49,WhatsApp,Transfer,3,Delivered,No,No,3,No,May,5
LL11260,2025-11-15,C1080,Returning,Statement Earrings,Accessories,1,8369.58,13.63,0.0,3500,0.0,Instagram,USSD,4,Cancelled,No,No,4,Yes,Nov,11
LL11261,2025-04-12,C1419,New,Knit Cardigan,Tops,1,24000.0,15.0,20400.39,14500,5900.39,Referral,Transfer,3,Delivered,No,No,4,No,Apr,4
LL11262,2025-06-16,C1091,New,Leather Tote,Bags,1,38000.0,9.96,34214.06,22500,11714.06,Referral,Transfer,2,Delivered,No,No,3,Yes,Jun,6
LL11263,2025-12-24,C1352,New,Mini Handbag,Bags,1,19807.39,15.42,16753.76,12500,4253.76,Instagram,Transfer,2,Delivered,No,No,4,No,Dec,12
LL11264,2025-06-03,C1070,New,Leather Tote,Bags,1,38000.0,12.53,33239.75,22500,10739.75,Walk-in,Transfer,2,Delivered,No,No,3,Yes,Jun,6
LL11265,2025-10-19,C1327,New,Leather Tote,Bags,1,36117.49,15.42,30547.85,22500,8047.85,Walk-in,Transfer,4,Delivered,No,No,4,Yes,Oct,10
LL11266,2025-01-07,C1051,New,Linen Two-Piece,Two-Piece Sets,1,42000.0,5.43,39718.26,27000,12718.26,Google,Card,2,Delivered,No,No,4,No,Jan,1
LL11267,2025-04-16,C1359,Returning,Linen Two-Piece,Two-Piece Sets,1,42000.0,10.84,37445.12,27000,10445.12,Referral,Cash,1,Delivered,No,No,5,Yes,Apr,4
LL11268,2025-04-24,C1330,New,Basic Bodysuit,Tops,1,15000.0,12.6,13110.15,9000,4110.15,TikTok,Cash,4,Delivered,No,No,3,No,Apr,4
LL11269,2025-01-14,C1192,New,Linen Two-Piece,Two-Piece Sets,1,42000.0,5.88,39532.42,27000,12532.42,WhatsApp,Transfer,4,Delivered,No,No,5,No,Jan,1
LL11270,2025-01-03,C1487,New,Leather Tote,Bags,1,38000.0,16.34,31790.67,22500,9290.67,TikTok,Card,3,Delivered,No,No,5,No,Jan,1
LL11271,2025-01-15,C1263,New,Premium Jumpsuit,Jumpsuits,1,52000.0,7.97,47853.53,34000,13853.53,Instagram,Transfer,6,Delivered,No,No,4,No,Jan,1
LL11272,2025-11-02,C1146,New,Wide-Leg Trousers,Trousers,1,26564.55,17.99,21786.49,17000,4786.49,Google,Cash,7,Delivered,No,Yes,3,Yes,Nov,11
LL11273,2025-10-25,C1045,New,Classic Blazer,Outerwear,2,44717.02,14.61,76365.32,60000,16365.32,Referral,USSD,7,Delivered,No,Yes,4,No,Oct,10
LL11274,2025-05-15,C1371,Returning,Premium Jumpsuit,Jumpsuits,1,52000.0,21.37,40887.09,34000,6887.09,WhatsApp,Transfer,4,Delivered,No,No,4,Yes,May,5
LL11275,2025-04-24,C1088,Returning,Wide-Leg Trousers,Trousers,1,28000.0,16.53,23370.95,17000,6370.95,Instagram,Cash,1,Delivered,No,Yes,4,Yes,Apr,4
LL11276,2025-06-15,C1325,New,Linen Two-Piece,Two-Piece Sets,1,42000.0,17.35,34714.68,27000,7714.68,WhatsApp,Card,4,Delivered,No,No,5,No,Jun,6
LL11277,2025-08-28,C1099,New,Leather Tote,Bags,2,36140.23,13.36,62626.44,45000,17626.44,WhatsApp,Transfer,3,Delivered,No,No,3,No,Aug,8
LL11278,2025-04-13,C1398,New,Linen Two-Piece,Two-Piece Sets,1,42000.0,6.91,39096.77,27000,12096.77,Instagram,Transfer,1,Delivered,No,No,3,Yes,Apr,4
LL11279,2025-06-12,C1276,Returning,Silk Scarf,Accessories,2,12000.0,6.48,22444.36,11000,11444.36,Google,Cash,4,Delivered,No,No,5,Yes,Jun,6
LL11280,2025-03-29,C1020,Returning,Basic Bodysuit,Tops,3,15000.0,8.44,41203.49,27000,14203.49,TikTok,Card,2,Delivered,No,No,5,Yes,Mar,3
LL11281,2025-11-28,C1026,Returning,Statement Earrings,Accessories,1,8155.13,12.98,7096.43,3500,3596.43,Google,Card,4,Delivered,No,No,4,Yes,Nov,11
LL11282,2025-07-25,C1386,New,Knit Cardigan,Tops,1,23053.5,17.73,18966.98,14500,4466.98,WhatsApp,Transfer,6,Delivered,No,No,3,No,Jul,7
LL11283,2025-07-28,C1120,Returning,Basic Bodysuit,Tops,2,14323.43,13.01,0.0,18000,0.0,TikTok,Transfer,4,Cancelled,No,No,5,Yes,Jul,7
LL11284,2025-03-13,C1074,Returning,Basic Bodysuit,Tops,1,15000.0,13.13,13030.95,9000,4030.95,Instagram,Transfer,2,Delivered,No,No,3,Yes,Mar,3
LL11285,2025-06-17,C1263,New,Leather Tote,Bags,1,38000.0,9.16,34520.95,22500,12020.95,Google,Card,2,Delivered,No,No,3,No,Jun,6
LL11286,2025-01-03,C1449,Returning,Leather Tote,Bags,1,38000.0,14.66,32430.85,22500,9930.85,Google,Transfer,5,Delivered,No,No,2,Yes,Jan,1
LL11287,2025-09-29,C1136,Returning,Wide-Leg Trousers,Trousers,1,26554.55,18.56,21627.26,17000,4627.26,TikTok,USSD,1,Delivered,No,No,4,Yes,Sep,9
LL11288,2025-11-30,C1442,Returning,Knit Cardigan,Tops,1,21771.21,14.45,18624.48,14500,4124.48,Instagram,USSD,2,Delivered,No,No,4,Yes,Nov,11
LL11289,2025-08-23,C1141,New,Basic Bodysuit,Tops,1,13991.98,35.0,9094.78,9000,94.78,Google,Transfer,3,Delivered,No,No,4,No,Aug,8
LL11290,2025-03-01,C1369,Returning,Wide-Leg Trousers,Trousers,2,28000.0,15.14,47523.85,34000,13523.85,Instagram,Cash,2,Delivered,No,No,4,Yes,Mar,3
LL11291,2025-06-09,C1397,New,Wide-Leg Trousers,Trousers,2,28000.0,9.85,11825.92,34000,-6690.77,WhatsApp,Transfer,5,Returned,Yes,Yes,2,Yes,Jun,6
LL11292,2025-11-08,C1374,Returning,Satin Dress,Dresses,1,33906.77,16.57,0.0,21000,0.0,Walk-in,Card,6,Cancelled,No,No,4,Yes,Nov,11
LL11293,2025-07-21,C1140,New,Premium Jumpsuit,Jumpsuits,1,47239.37,18.04,38715.32,34000,4715.32,Referral,Transfer,8,Delivered,No,Yes,2,No,Jul,7
LL11294,2025-01-13,C1273,Returning,Premium Jumpsuit,Jumpsuits,1,52000.0,14.33,44549.18,34000,10549.18,Referral,Card,3,Delivered,No,No,4,Yes,Jan,1
LL11295,2025-01-25,C1072,New,Linen Two-Piece,Two-Piece Sets,1,42000.0,6.55,39249.4,27000,12249.4,TikTok,USSD,4,Delivered,No,No,4,Yes,Jan,1
LL11296,2025-09-12,C1067,Returning,Leather Tote,Bags,1,37090.07,26.7,27187.94,22500,4687.94,Instagram,Transfer,5,Delivered,No,No,4,Yes,Sep,9
LL11297,2025-04-18,C1492,New,Wide-Leg Trousers,Trousers,1,28000.0,3.77,26944.27,17000,9944.27,WhatsApp,Transfer,2,Delivered,No,No,4,No,Apr,4
LL11298,2025-10-28,C1373,Returning,Knit Cardigan,Tops,1,23284.15,20.13,18596.85,14500,4096.85,Instagram,Transfer,3,Delivered,No,No,4,Yes,Oct,10
LL11299,2025-12-18,C1378,Returning,Leather Tote,Bags,1,37158.85,17.9,30506.0,22500,8006.0,Walk-in,Card,6,Delivered,No,No,5,Yes,Dec,12
LL11300,2025-06-02,C1170,Returning,Mini Handbag,Bags,1,22000.0,12.84,19174.35,12500,6674.35,WhatsApp,Card,2,Delivered,No,No,4,Yes,Jun,6
LL11301,2025-03-16,C1045,Returning,Linen Two-Piece,Two-Piece Sets,1,42000.0,10.46,6150.96,27000,-5719.07,Instagram,Transfer,6,Returned,Yes,Yes,3,Yes,Mar,3
LL11302,2025-08-20,C1012,Returning,Wide-Leg Trousers,Trousers,1,26935.01,28.43,19276.82,17000,2276.82,TikTok,USSD,5,Delivered,No,No,3,Yes,Aug,8
LL11303,2025-07-15,C1036,New,Basic Bodysuit,Tops,1,13664.3,21.26,10758.75,9000,1758.75,Referral,Card,5,Delivered,No,No,4,Yes,Jul,7
LL11304,2025-02-22,C1175,New,Premium Jumpsuit,Jumpsuits,1,52000.0,14.87,44267.14,34000,10267.14,WhatsApp,Card,2,Delivered,No,No,5,Yes,Feb,2
LL11305,2025-06-15,C1414,Returning,Satin Dress,Dresses,1,35000.0,19.71,28100.99,21000,7100.99,WhatsApp,USSD,4,Delivered,No,No,2,Yes,Jun,6
LL11306,2025-08-11,C1406,Returning,Maxi Skirt,Skirts,1,24732.73,15.83,0.0,15500,0.0,Google,Transfer,2,Cancelled,No,No,4,Yes,Aug,8
LL11307,2025-04-05,C1430,Returning,Mini Handbag,Bags,1,22000.0,9.29,19955.76,12500,7455.76,Instagram,Card,1,Delivered,No,No,4,Yes,Apr,4
LL11308,2025-05-03,C1129,New,Classic Blazer,Outerwear,1,48000.0,0.0,48000.0,30000,18000.0,Instagram,Transfer,3,Delivered,No,No,3,No,May,5
LL11309,2025-05-29,C1292,Returning,Leather Tote,Bags,1,38000.0,8.08,34931.47,22500,12431.47,Google,Transfer,2,Delivered,No,No,4,Yes,May,5
LL11310,2025-07-28,C1296,Returning,Premium Jumpsuit,Jumpsuits,1,49592.99,12.68,9227.0,34000,-6129.33,Google,USSD,1,Returned,Yes,Yes,2,Yes,Jul,7
LL11311,2025-06-18,C1465,New,Knit Cardigan,Tops,1,24000.0,6.41,22462.25,14500,7962.25,Referral,Transfer,6,Delivered,No,No,3,Yes,Jun,6
LL11312,2025-01-26,C1142,New,Leather Tote,Bags,1,38000.0,7.19,35267.16,22500,12767.16,WhatsApp,Transfer,3,Delivered,No,No,3,No,Jan,1
LL11313,2025-07-03,C1328,New,Wide-Leg Trousers,Trousers,1,25710.08,22.51,19921.96,17000,2921.96,TikTok,Cash,5,Delivered,No,No,4,Yes,Jul,7
LL11314,2025-11-02,C1047,Returning,Premium Jumpsuit,Jumpsuits,1,47432.57,11.82,41828.04,34000,7828.04,Referral,Transfer,4,Delivered,No,Yes,3,Yes,Nov,11
LL11315,2025-06-18,C1130,Returning,Leather Tote,Bags,1,38000.0,9.04,34566.52,22500,12066.52,Instagram,Cash,1,Delivered,No,No,4,Yes,Jun,6
LL11316,2025-05-31,C1286,New,Statement Earrings,Accessories,1,9000.0,8.76,8211.82,3500,4711.82,Walk-in,Card,3,Delivered,No,No,3,No,May,5
LL11317,2025-09-09,C1429,Returning,Maxi Skirt,Skirts,1,25292.2,16.72,21063.81,15500,5563.81,Walk-in,Transfer,3,Delivered,No,No,4,Yes,Sep,9
LL11318,2025-06-27,C1284,New,Maxi Skirt,Skirts,1,26000.0,4.52,24824.11,15500,9324.11,Instagram,Cash,1,Delivered,No,No,4,Yes,Jun,6
LL11319,2025-01-01,C1381,New,Statement Earrings,Accessories,1,9000.0,23.44,6890.39,3500,3390.39,Google,Cash,4,Delivered,No,No,4,No,Jan,1
LL11320,2025-11-21,C1011,Returning,Silk Scarf,Accessories,2,11488.04,22.27,17858.38,11000,6858.38,Google,USSD,7,Delivered,No,Yes,3,Yes,Nov,11
LL11321,2025-04-23,C1213,New,Knit Cardigan,Tops,1,24000.0,8.28,22011.98,14500,7511.98,Instagram,Transfer,1,Delivered,No,No,4,No,Apr,4
LL11322,2025-04-02,C1469,New,Classic Blazer,Outerwear,1,48000.0,8.47,43935.03,30000,13935.03,Instagram,Cash,1,Delivered,No,No,4,No,Apr,4
LL11323,2025-08-30,C1152,Returning,Basic Bodysuit,Tops,1,13505.23,16.97,11213.82,9000,2213.82,TikTok,Transfer,4,Delivered,No,No,4,Yes,Aug,8
LL11324,2025-10-08,C1349,Returning,Linen Two-Piece,Two-Piece Sets,1,39513.93,22.37,30673.37,27000,3673.37,Instagram,Card,4,Delivered,No,No,4,Yes,Oct,10
LL11325,2025-03-04,C1270,New,Maxi Skirt,Skirts,2,26000.0,6.02,48868.0,31000,17868.0,WhatsApp,Cash,4,Delivered,No,No,4,No,Mar,3
LL11326,2025-05-19,C1055,Returning,Silk Scarf,Accessories,2,12000.0,5.04,22791.07,11000,11791.07,WhatsApp,Card,5,Delivered,No,No,4,Yes,May,5
LL11327,2025-01-22,C1384,New,Wide-Leg Trousers,Trousers,1,28000.0,24.83,21047.09,17000,4047.09,Referral,Transfer,2,Delivered,No,No,4,No,Jan,1
LL11328,2025-07-31,C1374,Returning,Mini Handbag,Bags,2,21248.85,14.91,36162.98,25000,11162.98,Referral,Transfer,6,Delivered,No,No,4,Yes,Jul,7
LL11329,2025-11-27,C1196,Returning,Classic Blazer,Outerwear,2,44569.24,22.93,68699.36,60000,8699.36,Referral,USSD,6,Delivered,No,No,4,Yes,Nov,11
LL11330,2025-01-27,C1173,Returning,Linen Two-Piece,Two-Piece Sets,1,42000.0,9.03,38208.99,27000,11208.99,WhatsApp,USSD,2,Delivered,No,No,3,Yes,Jan,1
LL11331,2025-11-16,C1165,Returning,Statement Earrings,Accessories,3,8808.36,23.38,20245.72,10500,9745.72,TikTok,Card,4,Delivered,No,No,4,Yes,Nov,11
LL11332,2025-02-05,C1463,Returning,Linen Two-Piece,Two-Piece Sets,1,42000.0,5.44,39713.84,27000,12713.84,Instagram,Transfer,1,Delivered,No,Yes,4,Yes,Feb,2
LL11333,2025-02-17,C1318,New,Knit Cardigan,Tops,2,24000.0,7.43,44433.0,29000,15433.0,Google,Transfer,5,Delivered,No,Yes,4,No,Feb,2
LL11334,2025-01-07,C1210,Returning,Mini Handbag,Bags,1,22000.0,11.47,19476.86,12500,6976.86,WhatsApp,Card,3,Delivered,No,No,2,Yes,Jan,1
LL11335,2025-12-30,C1232,New,Leather Tote,Bags,1,36736.06,16.62,30630.52,22500,8130.52,WhatsApp,Card,3,Delivered,No,No,4,No,Dec,12
LL11336,2025-11-05,C1376,New,Satin Dress,Dresses,1,32384.2,22.42,25124.57,21000,4124.57,Referral,Card,6,Delivered,No,No,4,No,Nov,11
LL11337,2025-08-25,C1196,Returning,Wide-Leg Trousers,Trousers,1,25384.46,20.39,20209.46,17000,3209.46,Google,USSD,5,Delivered,No,No,4,Yes,Aug,8
LL11338,2025-11-06,C1219,New,Satin Dress,Dresses,3,33177.87,21.21,78421.47,63000,15421.47,WhatsApp,Transfer,1,Delivered,No,No,5,No,Nov,11
LL11339,2025-08-27,C1104,New,Basic Bodysuit,Tops,3,13655.49,17.56,33771.3,27000,6771.3,Instagram,Card,4,Delivered,No,No,3,No,Aug,8
LL11340,2025-03-17,C1249,New,Wide-Leg Trousers,Trousers,1,28000.0,15.55,2922.91,17000,-3235.97,WhatsApp,Card,5,Returned,Yes,Yes,2,No,Mar,3
LL11341,2025-09-06,C1364,Returning,Statement Earrings,Accessories,1,8205.86,21.25,6462.32,3500,2962.32,TikTok,Transfer,3,Delivered,No,Yes,3,Yes,Sep,9
LL11342,2025-03-02,C1352,New,Knit Cardigan,Tops,1,24000.0,14.44,20534.96,14500,6034.96,TikTok,Card,3,Delivered,No,No,4,Yes,Mar,3
LL11343,2025-11-07,C1204,New,Maxi Skirt,Skirts,2,23605.69,15.86,39723.27,31000,8723.27,Instagram,Transfer,8,Delivered,No,Yes,2,Yes,Nov,11
LL11344,2025-08-09,C1069,Returning,Maxi Skirt,Skirts,1,23661.66,14.19,20304.81,15500,4804.81,Walk-in,Cash,4,Delivered,No,No,4,Yes,Aug,8
LL11345,2025-09-29,C1099,New,Classic Blazer,Outerwear,2,43726.37,22.08,68145.12,60000,8145.12,WhatsApp,Transfer,3,Delivered,No,No,4,Yes,Sep,9
LL11346,2025-09-11,C1017,Returning,Basic Bodysuit,Tops,1,14053.26,29.27,9940.14,9000,940.14,Google,Card,5,Delivered,No,No,3,Yes,Sep,9
LL11347,2025-01-06,C1458,New,Basic Bodysuit,Tops,1,15000.0,19.97,12004.73,9000,3004.73,Referral,Transfer,3,Delivered,No,No,5,No,Jan,1
LL11348,2025-11-14,C1473,Returning,Maxi Skirt,Skirts,1,23893.31,15.7,20142.72,15500,4642.72,WhatsApp,Cash,3,Delivered,No,No,3,Yes,Nov,11
LL11349,2025-06-13,C1084,Returning,Mini Handbag,Bags,2,22000.0,13.95,37862.72,25000,12862.72,TikTok,USSD,1,Delivered,No,No,4,Yes,Jun,6
LL11350,2025-08-04,C1088,Returning,Satin Dress,Dresses,2,32914.44,20.67,52224.17,42000,10224.17,Google,Cash,3,Delivered,No,No,3,Yes,Aug,8
LL11351,2025-03-11,C1323,Returning,Classic Blazer,Outerwear,1,48000.0,8.82,43765.8,30000,13765.8,WhatsApp,USSD,1,Delivered,No,No,4,Yes,Mar,3
LL11352,2025-03-19,C1313,New,Satin Dress,Dresses,1,35000.0,19.86,28050.24,21000,7050.24,WhatsApp,USSD,3,Delivered,No,No,5,Yes,Mar,3
LL11353,2025-07-01,C1195,Returning,Mini Handbag,Bags,1,20349.12,14.32,17434.42,12500,4934.42,Walk-in,Card,6,Delivered,No,Yes,3,Yes,Jul,7
LL11354,2025-09-01,C1426,Returning,Statement Earrings,Accessories,2,8511.44,12.53,14889.65,7000,7889.65,Walk-in,Card,7,Delivered,No,Yes,2,Yes,Sep,9
LL11355,2025-11-12,C1217,Returning,Satin Dress,Dresses,2,33484.8,22.61,4875.09,42000,-7867.28,Walk-in,Card,5,Returned,Yes,Yes,4,Yes,Nov,11
LL11356,2025-08-06,C1436,New,Basic Bodysuit,Tops,1,14453.92,14.85,12308.2,9000,3308.2,Instagram,Card,3,Delivered,No,No,4,No,Aug,8
LL11357,2025-03-27,C1200,New,Linen Two-Piece,Two-Piece Sets,1,42000.0,14.04,36102.06,27000,9102.06,TikTok,Card,1,Delivered,No,No,5,Yes,Mar,3
LL11358,2025-10-04,C1156,Returning,Statement Earrings,Accessories,1,8437.5,21.48,6624.84,3500,3124.84,WhatsApp,Transfer,5,Delivered,No,No,5,Yes,Oct,10
LL11359,2025-12-04,C1265,New,Basic Bodysuit,Tops,2,14220.86,24.95,21344.69,18000,3344.69,WhatsApp,Cash,4,Delivered,No,No,3,No,Dec,12
LL11360,2025-01-07,C1363,Returning,Premium Jumpsuit,Jumpsuits,2,52000.0,21.21,81942.85,68000,13942.85,WhatsApp,Card,2,Delivered,No,No,3,Yes,Jan,1
LL11361,2025-10-15,C1274,Returning,Silk Scarf,Accessories,1,11183.36,18.63,9100.2,5500,3600.2,WhatsApp,USSD,2,Delivered,No,No,4,Yes,Oct,10
LL11362,2025-04-29,C1017,New,Wide-Leg Trousers,Trousers,1,28000.0,12.1,24611.96,17000,7611.96,Instagram,Transfer,1,Delivered,No,No,5,No,Apr,4
LL11363,2025-08-02,C1109,New,Knit Cardigan,Tops,2,22483.4,25.46,33518.57,29000,4518.57,WhatsApp,Cash,3,Delivered,No,No,4,No,Aug,8
LL11364,2025-11-28,C1435,Returning,Statement Earrings,Accessories,1,8327.03,12.64,7274.11,3500,3774.11,Google,Transfer,8,Delivered,No,Yes,3,Yes,Nov,11
LL11365,2025-03-11,C1086,Returning,Premium Jumpsuit,Jumpsuits,1,52000.0,0.0,52000.0,34000,18000.0,Walk-in,Transfer,7,Delivered,No,Yes,3,Yes,Mar,3
LL11366,2025-07-31,C1041,Returning,Silk Scarf,Accessories,2,11527.24,19.57,18542.16,11000,7542.16,WhatsApp,Card,4,Delivered,No,No,3,Yes,Jul,7
LL11367,2025-06-30,C1409,Returning,Basic Bodysuit,Tops,1,15000.0,22.08,11688.43,9000,2688.43,Google,Transfer,4,Delivered,No,No,3,Yes,Jun,6
LL11368,2025-04-02,C1139,New,Knit Cardigan,Tops,3,24000.0,2.82,69967.81,43500,26467.81,TikTok,Cash,1,Delivered,No,No,4,No,Apr,4
LL11369,2025-07-13,C1270,Returning,Satin Dress,Dresses,2,31979.11,28.49,45739.48,42000,3739.48,Walk-in,Card,2,Delivered,No,No,5,Yes,Jul,7
LL11370,2025-11-05,C1117,Returning,Maxi Skirt,Skirts,2,24529.76,15.56,41424.27,31000,10424.27,TikTok,Card,4,Delivered,No,No,3,Yes,Nov,11
LL11371,2025-10-15,C1008,New,Premium Jumpsuit,Jumpsuits,2,49770.25,16.75,82866.34,68000,14866.34,TikTok,Card,5,Delivered,No,No,4,No,Oct,10
LL11372,2025-04-17,C1170,Returning,Wide-Leg Trousers,Trousers,1,28000.0,11.26,24846.28,17000,7846.28,Instagram,Card,3,Delivered,No,No,3,Yes,Apr,4
LL11373,2025-04-03,C1291,Returning,Classic Blazer,Outerwear,1,48000.0,12.41,42040.97,30000,12040.97,Walk-in,Transfer,4,Delivered,No,No,4,Yes,Apr,4
LL11374,2025-03-22,C1286,Returning,Classic Blazer,Outerwear,2,48000.0,4.78,91415.64,60000,31415.64,Google,Transfer,1,Delivered,No,No,4,Yes,Mar,3
LL11375,2025-03-16,C1448,Returning,Mini Handbag,Bags,1,22000.0,13.94,18933.68,12500,6433.68,Walk-in,Cash,2,Delivered,No,No,4,Yes,Mar,3
LL11376,2025-02-20,C1191,New,Leather Tote,Bags,1,38000.0,10.83,33885.96,22500,11385.96,TikTok,Cash,1,Delivered,No,No,3,No,Feb,2
LL11377,2025-06-12,C1447,Returning,Knit Cardigan,Tops,1,24000.0,16.47,20048.28,14500,5548.28,Walk-in,Cash,2,Delivered,No,No,4,Yes,Jun,6
LL11378,2025-06-07,C1359,Returning,Maxi Skirt,Skirts,1,26000.0,9.08,23639.52,15500,8139.52,Walk-in,Card,2,Delivered,No,No,4,Yes,Jun,6
LL11379,2025-12-20,C1292,New,Wide-Leg Trousers,Trousers,1,27241.99,13.74,23499.48,17000,6499.48,TikTok,Card,6,Delivered,No,No,4,Yes,Dec,12
LL11380,2025-10-21,C1428,New,Classic Blazer,Outerwear,2,45467.66,20.57,72227.55,60000,12227.55,Referral,Transfer,2,Delivered,No,No,3,Yes,Oct,10
LL11381,2025-05-25,C1315,New,Leather Tote,Bags,1,38000.0,13.48,32876.69,22500,10376.69,TikTok,Cash,4,Delivered,No,No,4,No,May,5
LL11382,2025-04-15,C1459,Returning,Premium Jumpsuit,Jumpsuits,1,52000.0,16.58,43378.16,34000,9378.16,Google,Cash,2,Delivered,No,No,3,Yes,Apr,4
LL11383,2025-08-01,C1094,New,Statement Earrings,Accessories,1,8564.59,14.98,7282.03,3500,3782.03,Instagram,Transfer,3,Delivered,No,No,3,No,Aug,8
LL11384,2025-01-21,C1453,New,Wide-Leg Trousers,Trousers,2,28000.0,16.96,46503.77,34000,12503.77,TikTok,Card,2,Delivered,No,No,3,No,Jan,1
LL11385,2025-04-26,C1115,New,Silk Scarf,Accessories,2,12000.0,17.49,19801.93,11000,8801.93,Google,Card,4,Delivered,No,No,4,No,Apr,4
LL11386,2025-01-01,C1173,New,Silk Scarf,Accessories,1,12000.0,15.15,0.0,5500,0.0,Instagram,Cash,3,Cancelled,No,No,5,No,Jan,1
LL11387,2025-02-02,C1298,New,Satin Dress,Dresses,2,35000.0,10.15,62892.5,42000,20892.5,WhatsApp,Transfer,4,Delivered,No,No,4,No,Feb,2
LL11388,2025-10-26,C1017,New,Statement Earrings,Accessories,1,8349.7,9.36,881.18,3500,-615.87,WhatsApp,Transfer,4,Returned,Yes,Yes,3,No,Oct,10
LL11389,2025-03-29,C1334,New,Leather Tote,Bags,1,38000.0,8.21,34880.95,22500,12380.95,WhatsApp,Transfer,1,Delivered,No,No,4,No,Mar,3
LL11390,2025-05-05,C1466,Returning,Satin Dress,Dresses,1,35000.0,9.95,31519.04,21000,10519.04,TikTok,Cash,3,Delivered,No,No,5,Yes,May,5
LL11391,2025-10-05,C1395,Returning,Mini Handbag,Bags,1,20567.27,29.38,14524.65,12500,2024.65,Instagram,Transfer,7,Delivered,No,Yes,3,Yes,Oct,10
LL11392,2025-01-13,C1263,Returning,Satin Dress,Dresses,1,35000.0,22.88,26992.08,21000,5992.08,Instagram,Card,4,Delivered,No,No,4,Yes,Jan,1
LL11393,2025-08-18,C1390,Returning,Wide-Leg Trousers,Trousers,1,26334.48,17.43,21743.55,17000,4743.55,Walk-in,Transfer,3,Delivered,No,No,4,Yes,Aug,8
LL11394,2025-12-01,C1493,Returning,Knit Cardigan,Tops,1,23331.2,10.1,20975.58,14500,6475.58,TikTok,Cash,6,Delivered,No,No,4,Yes,Dec,12
LL11395,2025-04-14,C1254,New,Mini Handbag,Bags,1,22000.0,2.84,21374.9,12500,8874.9,Instagram,Card,8,Delivered,No,Yes,3,No,Apr,4
LL11396,2025-04-02,C1412,New,Silk Scarf,Accessories,1,12000.0,14.23,10292.2,5500,4792.2,Instagram,Transfer,1,Delivered,No,No,4,Yes,Apr,4
LL11397,2025-08-27,C1303,Returning,Mini Handbag,Bags,2,20480.34,14.62,34974.22,25000,9974.22,Instagram,Transfer,2,Delivered,No,No,4,Yes,Aug,8
LL11398,2025-11-23,C1295,New,Mini Handbag,Bags,1,20908.89,23.74,15945.62,12500,3445.62,WhatsApp,Transfer,4,Delivered,No,No,5,No,Nov,11
LL11399,2025-07-25,C1236,New,Knit Cardigan,Tops,1,22105.27,18.03,18119.77,14500,3619.77,WhatsApp,USSD,4,Delivered,No,No,3,No,Jul,7
LL11400,2025-10-27,C1481,New,Premium Jumpsuit,Jumpsuits,2,50803.04,17.81,83512.76,68000,15512.76,Instagram,Cash,5,Delivered,No,No,4,Yes,Oct,10
LL11401,2025-01-05,C1063,New,Linen Two-Piece,Two-Piece Sets,1,42000.0,18.14,34381.95,27000,7381.95,Instagram,Transfer,4,Delivered,No,No,4,No,Jan,1
LL11402,2025-10-19,C1355,New,Linen Two-Piece,Two-Piece Sets,1,38111.62,28.72,27167.56,27000,167.56,Google,Card,5,Delivered,No,No,4,Yes,Oct,10
LL11403,2025-04-25,C1474,New,Premium Jumpsuit,Jumpsuits,1,52000.0,10.29,46649.72,34000,12649.72,Google,Transfer,4,Delivered,No,No,3,No,Apr,4
LL11404,2025-04-18,C1420,Returning,Classic Blazer,Outerwear,1,48000.0,5.09,45554.53,30000,15554.53,WhatsApp,USSD,3,Delivered,No,No,3,Yes,Apr,4
LL11405,2025-02-03,C1141,New,Knit Cardigan,Tops,2,24000.0,7.33,44483.49,29000,15483.49,WhatsApp,Transfer,5,Delivered,No,No,4,No,Feb,2
LL11406,2025-06-27,C1306,Returning,Basic Bodysuit,Tops,2,15000.0,17.51,24745.92,18000,6745.92,TikTok,USSD,1,Delivered,No,No,3,Yes,Jun,6
LL11407,2025-01-19,C1396,New,Premium Jumpsuit,Jumpsuits,1,52000.0,13.01,45236.78,34000,11236.78,Instagram,Transfer,6,Delivered,No,No,5,Yes,Jan,1
LL11408,2025-12-09,C1427,Returning,Maxi Skirt,Skirts,1,23668.47,18.96,19180.7,15500,3680.7,Instagram,Card,8,Delivered,No,Yes,2,Yes,Dec,12
LL11409,2025-02-20,C1057,New,Classic Blazer,Outerwear,1,48000.0,12.35,42073.23,30000,12073.23,Referral,Card,3,Delivered,No,No,5,No,Feb,2
LL11410,2025-09-11,C1008,New,Maxi Skirt,Skirts,1,25278.91,15.94,21248.36,15500,5748.36,Walk-in,USSD,6,Delivered,No,No,4,No,Sep,9
LL11411,2025-12-05,C1014,Returning,Leather Tote,Bags,1,37114.08,7.98,0.0,22500,0.0,TikTok,Card,6,Cancelled,No,No,4,Yes,Dec,12
LL11412,2025-06-04,C1069,New,Classic Blazer,Outerwear,1,48000.0,13.38,41575.88,30000,11575.88,Walk-in,Transfer,4,Delivered,No,No,5,No,Jun,6
LL11413,2025-11-06,C1336,New,Maxi Skirt,Skirts,2,24982.85,17.42,41259.49,31000,10259.49,Instagram,Transfer,4,Delivered,No,No,4,No,Nov,11
LL11414,2025-10-19,C1454,New,Silk Scarf,Accessories,1,11304.57,22.89,2169.83,5500,-967.14,Instagram,USSD,5,Returned,Yes,Yes,3,No,Oct,10
LL11415,2025-08-24,C1399,New,Mini Handbag,Bags,1,20051.12,23.41,15357.18,12500,2857.18,Instagram,Card,2,Delivered,No,No,4,No,Aug,8
LL11416,2025-06-02,C1381,New,Silk Scarf,Accessories,2,12000.0,8.15,22042.98,11000,11042.98,Google,Transfer,4,Delivered,No,No,5,Yes,Jun,6
LL11417,2025-06-30,C1430,New,Leather Tote,Bags,1,38000.0,10.57,33985.0,22500,11485.0,TikTok,Transfer,4,Delivered,No,No,4,No,Jun,6
LL11418,2025-07-26,C1375,Returning,Leather Tote,Bags,1,37179.11,21.79,2976.34,22500,-4986.35,TikTok,Transfer,8,Returned,Yes,Yes,2,Yes,Jul,7
LL11419,2025-06-14,C1382,Returning,Silk Scarf,Accessories,1,12000.0,14.09,10309.76,5500,4809.76,Google,USSD,1,Delivered,No,Yes,5,Yes,Jun,6
LL11420,2025-02-26,C1347,Returning,Maxi Skirt,Skirts,3,26000.0,7.76,0.0,46500,0.0,Instagram,USSD,4,Cancelled,No,No,4,Yes,Feb,2
LL11421,2025-12-03,C1333,New,Basic Bodysuit,Tops,1,14531.43,21.98,11336.79,9000,2336.79,WhatsApp,USSD,4,Delivered,No,No,4,No,Dec,12
LL11422,2025-10-14,C1163,Returning,Statement Earrings,Accessories,2,8237.55,27.4,0.0,7000,0.0,WhatsApp,Transfer,8,Cancelled,No,Yes,4,Yes,Oct,10
LL11423,2025-11-20,C1239,New,Mini Handbag,Bags,1,21419.29,14.25,18367.24,12500,5867.24,Google,Transfer,6,Delivered,No,No,3,Yes,Nov,11
LL11424,2025-10-27,C1109,Returning,Maxi Skirt,Skirts,1,24944.55,15.04,21193.09,15500,5693.09,TikTok,Cash,5,Delivered,No,No,5,Yes,Oct,10
LL11425,2025-09-13,C1166,Returning,Silk Scarf,Accessories,1,11627.03,12.81,10137.98,5500,4637.98,Google,Cash,7,Delivered,No,Yes,3,Yes,Sep,9
LL11426,2025-01-12,C1127,Returning,Knit Cardigan,Tops,1,24000.0,10.33,21521.22,14500,7021.22,Referral,Card,6,Delivered,No,No,4,Yes,Jan,1
LL11427,2025-01-10,C1162,New,Maxi Skirt,Skirts,1,26000.0,9.95,23413.34,15500,7913.34,Instagram,Transfer,4,Delivered,No,No,3,No,Jan,1
LL11428,2025-10-18,C1344,Returning,Satin Dress,Dresses,1,32743.38,26.88,23942.9,21000,2942.9,TikTok,Cash,4,Delivered,No,No,4,Yes,Oct,10
LL11429,2025-11-09,C1072,New,Statement Earrings,Accessories,1,8677.92,11.97,7639.44,3500,4139.44,Google,Card,4,Delivered,No,No,4,No,Nov,11
LL11430,2025-03-28,C1289,Returning,Knit Cardigan,Tops,1,24000.0,8.22,22027.31,14500,7527.31,Referral,Transfer,4,Delivered,No,No,5,Yes,Mar,3
LL11431,2025-03-26,C1461,New,Basic Bodysuit,Tops,1,15000.0,16.85,12473.24,9000,3473.24,Instagram,Card,3,Delivered,No,No,4,No,Mar,3
LL11432,2025-08-12,C1500,New,Linen Two-Piece,Two-Piece Sets,1,39779.24,11.11,35360.47,27000,8360.47,Instagram,Card,4,Delivered,No,No,5,No,Aug,8
LL11433,2025-04-11,C1218,New,Premium Jumpsuit,Jumpsuits,1,52000.0,19.06,42086.44,34000,8086.44,TikTok,Card,1,Delivered,No,Yes,4,No,Apr,4
LL11434,2025-12-27,C1450,Returning,Satin Dress,Dresses,3,33151.31,23.67,75914.78,63000,12914.78,WhatsApp,Card,6,Delivered,No,No,3,Yes,Dec,12
LL11435,2025-06-21,C1143,Returning,Statement Earrings,Accessories,2,9000.0,11.85,2839.86,7000,-1732.08,Referral,USSD,7,Returned,Yes,Yes,2,Yes,Jun,6
LL11436,2025-05-17,C1318,New,Mini Handbag,Bags,1,22000.0,11.41,19490.86,12500,6990.86,Walk-in,Card,1,Delivered,No,No,5,Yes,May,5
LL11437,2025-03-02,C1132,New,Statement Earrings,Accessories,1,9000.0,9.63,8133.47,3500,4633.47,Walk-in,USSD,2,Delivered,No,No,4,Yes,Mar,3
LL11438,2025-04-08,C1411,Returning,Leather Tote,Bags,1,38000.0,16.39,31770.25,22500,9270.25,WhatsApp,USSD,2,Delivered,No,No,5,Yes,Apr,4
LL11439,2025-01-10,C1082,New,Knit Cardigan,Tops,2,24000.0,9.14,43614.9,29000,14614.9,TikTok,Transfer,2,Delivered,No,No,3,No,Jan,1
LL11440,2025-07-16,C1376,Returning,Basic Bodysuit,Tops,1,14697.48,27.23,10695.44,9000,1695.44,TikTok,Cash,3,Delivered,No,No,4,Yes,Jul,7
LL11441,2025-05-29,C1287,Returning,Maxi Skirt,Skirts,1,26000.0,17.62,1810.95,15500,-3086.98,Instagram,Transfer,1,Returned,Yes,Yes,2,Yes,May,5
LL11442,2025-12-28,C1444,Returning,Statement Earrings,Accessories,1,8676.49,21.88,6778.03,3500,3278.03,TikTok,Card,3,Delivered,No,No,5,Yes,Dec,12
LL11443,2025-10-11,C1391,Returning,Silk Scarf,Accessories,1,11365.27,18.08,9310.08,5500,3810.08,Instagram,Transfer,6,Delivered,No,No,4,Yes,Oct,10
LL11444,2025-09-04,C1343,Returning,Satin Dress,Dresses,2,32642.68,27.87,47087.96,42000,5087.96,Google,Card,3,Delivered,No,No,5,Yes,Sep,9
LL11445,2025-11-06,C1470,New,Classic Blazer,Outerwear,1,43212.91,20.31,34434.63,30000,4434.63,TikTok,Card,4,Delivered,No,No,4,No,Nov,11
LL11446,2025-12-04,C1228,Returning,Leather Tote,Bags,1,35207.18,16.7,29327.01,22500,6827.01,Instagram,Transfer,3,Delivered,No,No,3,Yes,Dec,12
LL11447,2025-01-16,C1145,New,Leather Tote,Bags,1,38000.0,0.0,38000.0,22500,15500.0,Google,Transfer,3,Delivered,No,Yes,5,Yes,Jan,1
LL11448,2025-01-12,C1283,Returning,Silk Scarf,Accessories,1,12000.0,6.68,11198.74,5500,5698.74,WhatsApp,Card,5,Delivered,No,No,3,Yes,Jan,1
LL11449,2025-01-23,C1375,New,Mini Handbag,Bags,1,22000.0,6.08,0.0,12500,0.0,Instagram,Transfer,2,Cancelled,No,No,3,No,Jan,1
LL11450,2025-11-05,C1084,Returning,Maxi Skirt,Skirts,1,24996.76,19.56,20108.6,15500,4608.6,WhatsApp,Card,4,Delivered,No,No,2,Yes,Nov,11
LL11451,2025-11-07,C1401,Returning,Mini Handbag,Bags,1,19944.37,14.62,17029.29,12500,4529.29,WhatsApp,Cash,4,Delivered,No,No,3,Yes,Nov,11
LL11452,2025-09-18,C1121,New,Knit Cardigan,Tops,1,22307.68,16.65,18592.92,14500,4092.92,TikTok,Card,7,Delivered,No,Yes,2,No,Sep,9
LL11453,2025-06-08,C1310,New,Premium Jumpsuit,Jumpsuits,2,52000.0,6.67,97058.73,68000,29058.73,Walk-in,Transfer,5,Delivered,No,No,4,No,Jun,6
LL11454,2025-02-18,C1457,Returning,Classic Blazer,Outerwear,1,48000.0,0.0,48000.0,30000,18000.0,WhatsApp,Card,1,Delivered,No,No,4,Yes,Feb,2
LL11455,2025-03-24,C1055,Returning,Classic Blazer,Outerwear,1,48000.0,14.41,41083.31,30000,11083.31,Instagram,Transfer,1,Delivered,No,No,2,Yes,Mar,3
LL11456,2025-10-14,C1345,New,Silk Scarf,Accessories,1,11755.92,21.88,9183.45,5500,3683.45,Google,Transfer,1,Delivered,No,No,4,No,Oct,10
LL11457,2025-10-13,C1257,New,Knit Cardigan,Tops,1,22868.01,19.57,18392.49,14500,3892.49,Walk-in,Transfer,6,Delivered,No,No,4,No,Oct,10
LL11458,2025-05-22,C1147,New,Silk Scarf,Accessories,1,12000.0,13.2,10416.46,5500,4916.46,Instagram,Cash,3,Delivered,No,No,4,Yes,May,5
LL11459,2025-08-26,C1174,New,Leather Tote,Bags,1,34456.53,20.38,27435.97,22500,4935.97,Instagram,Transfer,7,Delivered,No,Yes,4,Yes,Aug,8
LL11460,2025-11-27,C1138,New,Mini Handbag,Bags,2,21078.76,26.69,30905.4,25000,5905.4,TikTok,Card,7,Delivered,No,Yes,4,No,Nov,11
LL11461,2025-01-06,C1011,New,Statement Earrings,Accessories,1,9000.0,8.23,8259.68,3500,4759.68,Instagram,USSD,1,Delivered,No,No,4,No,Jan,1
LL11462,2025-08-11,C1370,Returning,Silk Scarf,Accessories,1,11434.31,29.9,8015.23,5500,2515.23,Instagram,Cash,4,Delivered,No,No,4,Yes,Aug,8
LL11463,2025-11-17,C1131,New,Silk Scarf,Accessories,1,11635.43,8.84,10606.43,5500,5106.43,Referral,Card,3,Delivered,No,No,3,No,Nov,11
LL11464,2025-07-15,C1452,New,Satin Dress,Dresses,1,31657.35,19.73,25411.19,21000,4411.19,Walk-in,Transfer,6,Delivered,No,No,4,Yes,Jul,7
LL11465,2025-08-03,C1497,New,Maxi Skirt,Skirts,1,25089.18,14.78,21381.63,15500,5881.63,TikTok,Transfer,6,Delivered,No,No,4,No,Aug,8
LL11466,2025-12-31,C1324,New,Mini Handbag,Bags,1,20718.6,24.34,15675.8,12500,3175.8,Walk-in,Card,3,Delivered,No,No,4,No,Dec,12
LL11467,2025-06-08,C1205,Returning,Leather Tote,Bags,1,38000.0,11.07,33791.88,22500,11291.88,WhatsApp,Card,2,Delivered,No,No,4,Yes,Jun,6
LL11468,2025-08-31,C1292,New,Knit Cardigan,Tops,1,21896.72,20.55,17397.18,14500,2897.18,WhatsApp,Cash,6,Delivered,No,No,3,No,Aug,8
LL11469,2025-05-04,C1088,New,Wide-Leg Trousers,Trousers,1,28000.0,12.04,24629.77,17000,7629.77,Instagram,Transfer,2,Delivered,No,Yes,3,Yes,May,5
LL11470,2025-12-11,C1475,Returning,Leather Tote,Bags,1,36357.09,20.64,28852.78,22500,6352.78,Instagram,Transfer,2,Delivered,No,No,3,Yes,Dec,12
LL11471,2025-02-03,C1193,New,Silk Scarf,Accessories,1,12000.0,6.11,11266.82,5500,5766.82,Instagram,Transfer,2,Delivered,No,No,4,Yes,Feb,2
LL11472,2025-04-15,C1386,Returning,Classic Blazer,Outerwear,1,48000.0,1.1,47472.51,30000,17472.51,WhatsApp,Transfer,3,Delivered,No,No,3,Yes,Apr,4
LL11473,2025-12-27,C1169,New,Silk Scarf,Accessories,2,11727.19,9.01,21340.14,11000,10340.14,Instagram,Transfer,8,Delivered,No,Yes,4,No,Dec,12
LL11474,2025-11-08,C1412,Returning,Statement Earrings,Accessories,1,8613.52,9.7,0.0,3500,0.0,WhatsApp,Transfer,8,Cancelled,No,Yes,4,Yes,Nov,11
LL11475,2025-11-08,C1261,Returning,Premium Jumpsuit,Jumpsuits,2,48517.49,16.5,81025.76,68000,13025.76,WhatsApp,Card,2,Delivered,No,No,3,Yes,Nov,11
LL11476,2025-05-24,C1477,New,Silk Scarf,Accessories,1,12000.0,10.62,10725.07,5500,5225.07,Referral,Cash,6,Delivered,No,No,3,No,May,5
LL11477,2025-01-13,C1392,Returning,Classic Blazer,Outerwear,1,48000.0,9.61,43386.54,30000,13386.54,WhatsApp,Cash,7,Delivered,No,Yes,3,Yes,Jan,1
LL11478,2025-08-04,C1030,Returning,Wide-Leg Trousers,Trousers,1,26235.07,16.21,21982.74,17000,4982.74,Instagram,Transfer,5,Delivered,No,No,4,Yes,Aug,8
LL11479,2025-04-11,C1063,Returning,Maxi Skirt,Skirts,2,26000.0,12.9,45293.2,31000,14293.2,Google,Transfer,3,Delivered,No,No,4,Yes,Apr,4
LL11480,2025-03-28,C1359,New,Wide-Leg Trousers,Trousers,3,28000.0,10.09,75522.01,51000,24522.01,Google,Card,1,Delivered,No,No,4,Yes,Mar,3
LL11481,2025-02-04,C1213,Returning,Maxi Skirt,Skirts,1,26000.0,6.1,24414.06,15500,8914.06,WhatsApp,Transfer,2,Delivered,No,No,4,Yes,Feb,2
LL11482,2025-02-02,C1213,New,Linen Two-Piece,Two-Piece Sets,1,42000.0,13.36,36390.35,27000,9390.35,TikTok,Transfer,5,Delivered,No,No,4,No,Feb,2
LL11483,2025-02-16,C1003,New,Statement Earrings,Accessories,2,9000.0,5.16,17071.24,7000,10071.24,WhatsApp,USSD,2,Delivered,No,No,3,No,Feb,2
LL11484,2025-06-22,C1357,New,Satin Dress,Dresses,1,35000.0,11.76,30884.73,21000,9884.73,WhatsApp,Transfer,5,Delivered,No,No,4,No,Jun,6
LL11485,2025-05-27,C1496,New,Knit Cardigan,Tops,1,24000.0,14.64,20487.48,14500,5987.48,WhatsApp,Transfer,1,Delivered,No,No,4,No,May,5
LL11486,2025-07-11,C1114,New,Premium Jumpsuit,Jumpsuits,1,47305.79,15.66,39896.63,34000,5896.63,Instagram,USSD,8,Delivered,No,Yes,2,No,Jul,7
LL11487,2025-08-12,C1223,Returning,Premium Jumpsuit,Jumpsuits,1,47291.56,14.18,40584.37,34000,6584.37,Google,Cash,6,Delivered,No,No,3,Yes,Aug,8
LL11488,2025-03-13,C1243,New,Mini Handbag,Bags,1,22000.0,12.91,19160.49,12500,6660.49,Google,Transfer,2,Delivered,No,No,4,No,Mar,3
LL11489,2025-02-06,C1101,New,Linen Two-Piece,Two-Piece Sets,2,42000.0,10.34,75315.53,54000,21315.53,Instagram,Transfer,5,Delivered,No,No,3,No,Feb,2
LL11490,2025-05-07,C1077,Returning,Premium Jumpsuit,Jumpsuits,1,52000.0,1.55,51194.83,34000,17194.83,Google,Transfer,5,Delivered,No,No,5,Yes,May,5
LL11491,2025-10-01,C1179,Returning,Maxi Skirt,Skirts,2,25003.7,15.47,42272.21,31000,11272.21,Google,Card,2,Delivered,No,No,4,Yes,Oct,10
LL11492,2025-01-12,C1494,New,Mini Handbag,Bags,3,22000.0,19.09,53399.07,37500,15899.07,Google,Cash,2,Delivered,No,No,5,No,Jan,1
LL11493,2025-05-26,C1239,New,Knit Cardigan,Tops,2,24000.0,8.18,44072.22,29000,15072.22,Referral,Transfer,1,Delivered,No,No,5,No,May,5
LL11494,2025-12-31,C1141,Returning,Wide-Leg Trousers,Trousers,2,26534.03,18.15,43437.4,34000,9437.4,WhatsApp,Transfer,7,Delivered,No,Yes,4,Yes,Dec,12
LL11495,2025-09-14,C1213,Returning,Maxi Skirt,Skirts,1,25304.98,23.77,19289.19,15500,3789.19,Walk-in,Transfer,1,Delivered,No,No,4,Yes,Sep,9
LL11496,2025-10-02,C1371,Returning,Wide-Leg Trousers,Trousers,1,26542.6,16.59,22140.39,17000,5140.39,Instagram,Transfer,2,Delivered,No,No,5,Yes,Oct,10
LL11497,2025-05-17,C1267,New,Maxi Skirt,Skirts,1,26000.0,9.31,23579.62,15500,8079.62,Instagram,Transfer,3,Delivered,No,No,5,No,May,5
LL11498,2025-04-05,C1134,New,Knit Cardigan,Tops,1,24000.0,17.25,19859.31,14500,5359.31,Instagram,Transfer,1,Delivered,No,No,3,No,Apr,4
LL11499,2025-10-05,C1004,New,Wide-Leg Trousers,Trousers,2,25393.83,20.06,40598.93,34000,6598.93,Instagram,Cash,4,Delivered,No,No,4,Yes,Oct,10
LL11500,2025-05-24,C1042,New,Leather Tote,Bags,1,38000.0,3.17,36795.8,22500,14295.8,Instagram,Cash,5,Delivered,No,No,3,No,May,5
